prompt_idx,layer,alpha_A,alpha_B,eps_A,eps_B,steer_layer,delta_l2,proj_A20,proj_B20,proj_A_L,proj_B_L,proj_A_transport,proj_B_transport,model,vecA_path,vecB_path,roleA,roleB
0,19,2.0,0.0,0.1,0.1,20,0.0,0.0,0.0,0.0,0.0,0.0,0.0,meta-llama/Llama-3.1-8B-Instruct,Llama-3.1-8B-Instruct/multi_role/creative_professional_response_avg_diff.pt,Llama-3.1-8B-Instruct/multi_role/environmentalist_response_avg_diff.pt,creative professional,environmentalist
0,20,2.0,0.0,0.1,0.1,20,2.00127911567688,2.00107479095459,0.20975080132484436,2.00107479095459,0.20975080132484436,1.9390379190444946,0.1930418312549591,meta-llama/Llama-3.1-8B-Instruct,Llama-3.1-8B-Instruct/multi_role/creative_professional_response_avg_diff.pt,Llama-3.1-8B-Instruct/multi_role/environmentalist_response_avg_diff.pt,creative professional,environmentalist
0,21,2.0,0.0,0.1,0.1,20,2.248067617416382,2.0516068935394287,0.23756498098373413,1.9519952535629272,0.2327311933040619,1.9289376735687256,0.3362415134906769,meta-llama/Llama-3.1-8B-Instruct,Llama-3.1-8B-Instruct/multi_role/creative_professional_response_avg_diff.pt,Llama-3.1-8B-Instruct/multi_role/environmentalist_response_avg_diff.pt,creative professional,environmentalist
0,22,2.0,0.0,0.1,0.1,20,2.4402005672454834,2.0702686309814453,0.22705373167991638,1.9783060550689697,0.23493877053260803,1.922989845275879,0.38925814628601074,meta-llama/Llama-3.1-8B-Instruct,Llama-3.1-8B-Instruct/multi_role/creative_professional_response_avg_diff.pt,Llama-3.1-8B-Instruct/multi_role/environmentalist_response_avg_diff.pt,creative professional,environmentalist
0,23,2.0,0.0,0.1,0.1,20,2.663623809814453,2.134183883666992,0.2160564661026001,2.0753655433654785,0.2425559014081955,1.9760440587997437,0.36199960112571716,meta-llama/Llama-3.1-8B-Instruct,Llama-3.1-8B-Instruct/multi_role/creative_professional_response_avg_diff.pt,Llama-3.1-8B-Instruct/multi_role/environmentalist_response_avg_diff.pt,creative professional,environmentalist
0,24,2.0,0.0,0.1,0.1,20,2.9081103801727295,2.125802516937256,0.21640273928642273,2.1019086837768555,0.2316572666168213,1.8862652778625488,0.34772178530693054,meta-llama/Llama-3.1-8B-Instruct,Llama-3.1-8B-Instruct/multi_role/creative_professional_response_avg_diff.pt,Llama-3.1-8B-Instruct/multi_role/environmentalist_response_avg_diff.pt,creative professional,environmentalist
0,25,2.0,0.0,0.1,0.1,20,3.0973153114318848,2.139314651489258,0.21866080164909363,2.121654987335205,0.22020438313484192,1.8394148349761963,0.3486980199813843,meta-llama/Llama-3.1-8B-Instruct,Llama-3.1-8B-Instruct/multi_role/creative_professional_response_avg_diff.pt,Llama-3.1-8B-Instruct/multi_role/environmentalist_response_avg_diff.pt,creative professional,environmentalist
0,26,2.0,0.0,0.1,0.1,20,3.4691193103790283,2.180394411087036,0.25121647119522095,2.1278557777404785,0.27903926372528076,1.871692419052124,0.43736833333969116,meta-llama/Llama-3.1-8B-Instruct,Llama-3.1-8B-Instruct/multi_role/creative_professional_response_avg_diff.pt,Llama-3.1-8B-Instruct/multi_role/environmentalist_response_avg_diff.pt,creative professional,environmentalist
0,27,2.0,0.0,0.1,0.1,20,3.843590021133423,2.213045597076416,0.24761492013931274,2.175243616104126,0.287045419216156,1.9541759490966797,0.5105646848678589,meta-llama/Llama-3.1-8B-Instruct,Llama-3.1-8B-Instruct/multi_role/creative_professional_response_avg_diff.pt,Llama-3.1-8B-Instruct/multi_role/environmentalist_response_avg_diff.pt,creative professional,environmentalist
0,28,2.0,0.0,0.1,0.1,20,4.1675262451171875,2.2881972789764404,0.23142506182193756,2.2373547554016113,0.2622722387313843,1.6480278968811035,0.20311808586120605,meta-llama/Llama-3.1-8B-Instruct,Llama-3.1-8B-Instruct/multi_role/creative_professional_response_avg_diff.pt,Llama-3.1-8B-Instruct/multi_role/environmentalist_response_avg_diff.pt,creative professional,environmentalist
0,29,2.0,0.0,0.1,0.1,20,4.654485702514648,2.3808674812316895,0.24005427956581116,2.3711435794830322,0.27345794439315796,1.8524842262268066,0.14827606081962585,meta-llama/Llama-3.1-8B-Instruct,Llama-3.1-8B-Instruct/multi_role/creative_professional_response_avg_diff.pt,Llama-3.1-8B-Instruct/multi_role/environmentalist_response_avg_diff.pt,creative professional,environmentalist
0,30,2.0,0.0,0.1,0.1,20,5.262450218200684,2.425051689147949,0.278037428855896,2.50138521194458,0.3444887697696686,1.8966219425201416,0.11281660199165344,meta-llama/Llama-3.1-8B-Instruct,Llama-3.1-8B-Instruct/multi_role/creative_professional_response_avg_diff.pt,Llama-3.1-8B-Instruct/multi_role/environmentalist_response_avg_diff.pt,creative professional,environmentalist
0,31,2.0,0.0,0.1,0.1,20,8.803231239318848,1.6515636444091797,0.201368510723114,2.357783794403076,0.15833477675914764,2.1534249782562256,0.7161518335342407,meta-llama/Llama-3.1-8B-Instruct,Llama-3.1-8B-Instruct/multi_role/creative_professional_response_avg_diff.pt,Llama-3.1-8B-Instruct/multi_role/environmentalist_response_avg_diff.pt,creative professional,environmentalist
1,19,2.0,0.0,0.1,0.1,20,0.0,0.0,0.0,0.0,0.0,0.0,0.0,meta-llama/Llama-3.1-8B-Instruct,Llama-3.1-8B-Instruct/multi_role/creative_professional_response_avg_diff.pt,Llama-3.1-8B-Instruct/multi_role/environmentalist_response_avg_diff.pt,creative professional,environmentalist
1,20,2.0,0.0,0.1,0.1,20,1.9997657537460327,1.9996205568313599,0.20945283770561218,1.9996205568313599,0.20945283770561218,1.959472417831421,0.21051432192325592,meta-llama/Llama-3.1-8B-Instruct,Llama-3.1-8B-Instruct/multi_role/creative_professional_response_avg_diff.pt,Llama-3.1-8B-Instruct/multi_role/environmentalist_response_avg_diff.pt,creative professional,environmentalist
1,21,2.0,0.0,0.1,0.1,20,2.248614549636841,2.051537275314331,0.22778929769992828,1.953819751739502,0.2221909612417221,2.031507968902588,0.3266315460205078,meta-llama/Llama-3.1-8B-Instruct,Llama-3.1-8B-Instruct/multi_role/creative_professional_response_avg_diff.pt,Llama-3.1-8B-Instruct/multi_role/environmentalist_response_avg_diff.pt,creative professional,environmentalist
1,22,2.0,0.0,0.1,0.1,20,2.434229612350464,2.0670676231384277,0.24044299125671387,2.007734775543213,0.2483149766921997,2.019129753112793,0.3495398461818695,meta-llama/Llama-3.1-8B-Instruct,Llama-3.1-8B-Instruct/multi_role/creative_professional_response_avg_diff.pt,Llama-3.1-8B-Instruct/multi_role/environmentalist_response_avg_diff.pt,creative professional,environmentalist
1,23,2.0,0.0,0.1,0.1,20,2.5861504077911377,2.092282772064209,0.23900246620178223,2.076990842819214,0.25428497791290283,2.041232109069824,0.33091193437576294,meta-llama/Llama-3.1-8B-Instruct,Llama-3.1-8B-Instruct/multi_role/creative_professional_response_avg_diff.pt,Llama-3.1-8B-Instruct/multi_role/environmentalist_response_avg_diff.pt,creative professional,environmentalist
1,24,2.0,0.0,0.1,0.1,20,2.769916296005249,2.0757598876953125,0.2539827823638916,2.08693790435791,0.255548357963562,2.0686659812927246,0.36772704124450684,meta-llama/Llama-3.1-8B-Instruct,Llama-3.1-8B-Instruct/multi_role/creative_professional_response_avg_diff.pt,Llama-3.1-8B-Instruct/multi_role/environmentalist_response_avg_diff.pt,creative professional,environmentalist
1,25,2.0,0.0,0.1,0.1,20,2.9979159832000732,2.1177310943603516,0.26900190114974976,2.1471948623657227,0.26060914993286133,2.0419840812683105,0.4756180942058563,meta-llama/Llama-3.1-8B-Instruct,Llama-3.1-8B-Instruct/multi_role/creative_professional_response_avg_diff.pt,Llama-3.1-8B-Instruct/multi_role/environmentalist_response_avg_diff.pt,creative professional,environmentalist
1,26,2.0,0.0,0.1,0.1,20,3.3080501556396484,2.150566339492798,0.2889205813407898,2.162557601928711,0.31795305013656616,2.104869842529297,0.6354767084121704,meta-llama/Llama-3.1-8B-Instruct,Llama-3.1-8B-Instruct/multi_role/creative_professional_response_avg_diff.pt,Llama-3.1-8B-Instruct/multi_role/environmentalist_response_avg_diff.pt,creative professional,environmentalist
1,27,2.0,0.0,0.1,0.1,20,3.669102191925049,2.1971211433410645,0.28429436683654785,2.238823652267456,0.3089559078216553,2.302718162536621,0.8025758862495422,meta-llama/Llama-3.1-8B-Instruct,Llama-3.1-8B-Instruct/multi_role/creative_professional_response_avg_diff.pt,Llama-3.1-8B-Instruct/multi_role/environmentalist_response_avg_diff.pt,creative professional,environmentalist
1,28,2.0,0.0,0.1,0.1,20,3.938542366027832,2.237011432647705,0.2818715572357178,2.278928279876709,0.2902255058288574,2.3567161560058594,0.7501028776168823,meta-llama/Llama-3.1-8B-Instruct,Llama-3.1-8B-Instruct/multi_role/creative_professional_response_avg_diff.pt,Llama-3.1-8B-Instruct/multi_role/environmentalist_response_avg_diff.pt,creative professional,environmentalist
1,29,2.0,0.0,0.1,0.1,20,4.4918437004089355,2.3271679878234863,0.30698174238204956,2.4786581993103027,0.32405006885528564,2.5818963050842285,0.7385944128036499,meta-llama/Llama-3.1-8B-Instruct,Llama-3.1-8B-Instruct/multi_role/creative_professional_response_avg_diff.pt,Llama-3.1-8B-Instruct/multi_role/environmentalist_response_avg_diff.pt,creative professional,environmentalist
1,30,2.0,0.0,0.1,0.1,20,5.107851982116699,2.359365701675415,0.3769789934158325,2.6270055770874023,0.4221620559692383,2.821307897567749,0.9364694356918335,meta-llama/Llama-3.1-8B-Instruct,Llama-3.1-8B-Instruct/multi_role/creative_professional_response_avg_diff.pt,Llama-3.1-8B-Instruct/multi_role/environmentalist_response_avg_diff.pt,creative professional,environmentalist
1,31,2.0,0.0,0.1,0.1,20,8.666540145874023,1.7153637409210205,0.31092846393585205,2.567042350769043,0.32272836565971375,5.495923042297363,4.381504058837891,meta-llama/Llama-3.1-8B-Instruct,Llama-3.1-8B-Instruct/multi_role/creative_professional_response_avg_diff.pt,Llama-3.1-8B-Instruct/multi_role/environmentalist_response_avg_diff.pt,creative professional,environmentalist
2,19,2.0,0.0,0.1,0.1,20,0.0,0.0,0.0,0.0,0.0,0.0,0.0,meta-llama/Llama-3.1-8B-Instruct,Llama-3.1-8B-Instruct/multi_role/creative_professional_response_avg_diff.pt,Llama-3.1-8B-Instruct/multi_role/environmentalist_response_avg_diff.pt,creative professional,environmentalist
2,20,2.0,0.0,0.1,0.1,20,2.0008139610290527,2.0005857944488525,0.206859290599823,2.0005857944488525,0.206859290599823,1.9368376731872559,0.21921545267105103,meta-llama/Llama-3.1-8B-Instruct,Llama-3.1-8B-Instruct/multi_role/creative_professional_response_avg_diff.pt,Llama-3.1-8B-Instruct/multi_role/environmentalist_response_avg_diff.pt,creative professional,environmentalist
2,21,2.0,0.0,0.1,0.1,20,2.286238193511963,2.1092419624328613,0.22052226960659027,2.0119059085845947,0.21581068634986877,1.9239286184310913,0.2574688792228699,meta-llama/Llama-3.1-8B-Instruct,Llama-3.1-8B-Instruct/multi_role/creative_professional_response_avg_diff.pt,Llama-3.1-8B-Instruct/multi_role/environmentalist_response_avg_diff.pt,creative professional,environmentalist
2,22,2.0,0.0,0.1,0.1,20,2.481884717941284,2.156242847442627,0.22158029675483704,2.102191925048828,0.23338086903095245,1.9491264820098877,0.2983204126358032,meta-llama/Llama-3.1-8B-Instruct,Llama-3.1-8B-Instruct/multi_role/creative_professional_response_avg_diff.pt,Llama-3.1-8B-Instruct/multi_role/environmentalist_response_avg_diff.pt,creative professional,environmentalist
2,23,2.0,0.0,0.1,0.1,20,2.676724433898926,2.211859703063965,0.2140790820121765,2.2153990268707275,0.24125167727470398,1.9968268871307373,0.3255610167980194,meta-llama/Llama-3.1-8B-Instruct,Llama-3.1-8B-Instruct/multi_role/creative_professional_response_avg_diff.pt,Llama-3.1-8B-Instruct/multi_role/environmentalist_response_avg_diff.pt,creative professional,environmentalist
2,24,2.0,0.0,0.1,0.1,20,2.862140655517578,2.216071605682373,0.21867208182811737,2.2433319091796875,0.23239175975322723,1.9965888261795044,0.3958092927932739,meta-llama/Llama-3.1-8B-Instruct,Llama-3.1-8B-Instruct/multi_role/creative_professional_response_avg_diff.pt,Llama-3.1-8B-Instruct/multi_role/environmentalist_response_avg_diff.pt,creative professional,environmentalist
2,25,2.0,0.0,0.1,0.1,20,3.0421082973480225,2.2443432807922363,0.2228163778781891,2.2907228469848633,0.22277885675430298,1.9516830444335938,0.38525670766830444,meta-llama/Llama-3.1-8B-Instruct,Llama-3.1-8B-Instruct/multi_role/creative_professional_response_avg_diff.pt,Llama-3.1-8B-Instruct/multi_role/environmentalist_response_avg_diff.pt,creative professional,environmentalist
2,26,2.0,0.0,0.1,0.1,20,3.3525969982147217,2.297292709350586,0.24811354279518127,2.33621883392334,0.28453266620635986,1.9850718975067139,0.40338534116744995,meta-llama/Llama-3.1-8B-Instruct,Llama-3.1-8B-Instruct/multi_role/creative_professional_response_avg_diff.pt,Llama-3.1-8B-Instruct/multi_role/environmentalist_response_avg_diff.pt,creative professional,environmentalist
2,27,2.0,0.0,0.1,0.1,20,3.6324973106384277,2.32855224609375,0.24154704809188843,2.4093260765075684,0.292138010263443,2.0995712280273438,0.455858051776886,meta-llama/Llama-3.1-8B-Instruct,Llama-3.1-8B-Instruct/multi_role/creative_professional_response_avg_diff.pt,Llama-3.1-8B-Instruct/multi_role/environmentalist_response_avg_diff.pt,creative professional,environmentalist
2,28,2.0,0.0,0.1,0.1,20,3.994062900543213,2.421826124191284,0.2203235924243927,2.514338731765747,0.2761989235877991,1.9303064346313477,0.41388899087905884,meta-llama/Llama-3.1-8B-Instruct,Llama-3.1-8B-Instruct/multi_role/creative_professional_response_avg_diff.pt,Llama-3.1-8B-Instruct/multi_role/environmentalist_response_avg_diff.pt,creative professional,environmentalist
2,29,2.0,0.0,0.1,0.1,20,4.469976902008057,2.548663854598999,0.2371143102645874,2.7288055419921875,0.2939273715019226,2.125105381011963,0.37104082107543945,meta-llama/Llama-3.1-8B-Instruct,Llama-3.1-8B-Instruct/multi_role/creative_professional_response_avg_diff.pt,Llama-3.1-8B-Instruct/multi_role/environmentalist_response_avg_diff.pt,creative professional,environmentalist
2,30,2.0,0.0,0.1,0.1,20,5.092996597290039,2.592867851257324,0.2903610169887543,2.919684886932373,0.3620840311050415,1.9777584075927734,0.25320374965667725,meta-llama/Llama-3.1-8B-Instruct,Llama-3.1-8B-Instruct/multi_role/creative_professional_response_avg_diff.pt,Llama-3.1-8B-Instruct/multi_role/environmentalist_response_avg_diff.pt,creative professional,environmentalist
2,31,2.0,0.0,0.1,0.1,20,8.648404121398926,1.8636468648910522,0.3200972378253937,2.7855453491210938,0.340974897146225,3.7512121200561523,0.3454466164112091,meta-llama/Llama-3.1-8B-Instruct,Llama-3.1-8B-Instruct/multi_role/creative_professional_response_avg_diff.pt,Llama-3.1-8B-Instruct/multi_role/environmentalist_response_avg_diff.pt,creative professional,environmentalist
3,19,2.0,0.0,0.1,0.1,20,0.0,0.0,0.0,0.0,0.0,0.0,0.0,meta-llama/Llama-3.1-8B-Instruct,Llama-3.1-8B-Instruct/multi_role/creative_professional_response_avg_diff.pt,Llama-3.1-8B-Instruct/multi_role/environmentalist_response_avg_diff.pt,creative professional,environmentalist
3,20,2.0,0.0,0.1,0.1,20,1.9995760917663574,1.999372124671936,0.20929831266403198,1.999372124671936,0.20929831266403198,1.9437003135681152,0.21342265605926514,meta-llama/Llama-3.1-8B-Instruct,Llama-3.1-8B-Instruct/multi_role/creative_professional_response_avg_diff.pt,Llama-3.1-8B-Instruct/multi_role/environmentalist_response_avg_diff.pt,creative professional,environmentalist
3,21,2.0,0.0,0.1,0.1,20,2.2735037803649902,2.098890542984009,0.22388476133346558,2.007927894592285,0.22015121579170227,1.9687155485153198,0.29527994990348816,meta-llama/Llama-3.1-8B-Instruct,Llama-3.1-8B-Instruct/multi_role/creative_professional_response_avg_diff.pt,Llama-3.1-8B-Instruct/multi_role/environmentalist_response_avg_diff.pt,creative professional,environmentalist
3,22,2.0,0.0,0.1,0.1,20,2.477255344390869,2.146717071533203,0.2348678708076477,2.097567558288574,0.2461981475353241,1.92664635181427,0.3291183114051819,meta-llama/Llama-3.1-8B-Instruct,Llama-3.1-8B-Instruct/multi_role/creative_professional_response_avg_diff.pt,Llama-3.1-8B-Instruct/multi_role/environmentalist_response_avg_diff.pt,creative professional,environmentalist
3,23,2.0,0.0,0.1,0.1,20,2.7051045894622803,2.2212862968444824,0.23545892536640167,2.219266414642334,0.2604247033596039,1.9103178977966309,0.4213181734085083,meta-llama/Llama-3.1-8B-Instruct,Llama-3.1-8B-Instruct/multi_role/creative_professional_response_avg_diff.pt,Llama-3.1-8B-Instruct/multi_role/environmentalist_response_avg_diff.pt,creative professional,environmentalist
3,24,2.0,0.0,0.1,0.1,20,2.9548068046569824,2.215261936187744,0.23551547527313232,2.2464473247528076,0.2489507645368576,1.7162249088287354,0.5706607103347778,meta-llama/Llama-3.1-8B-Instruct,Llama-3.1-8B-Instruct/multi_role/creative_professional_response_avg_diff.pt,Llama-3.1-8B-Instruct/multi_role/environmentalist_response_avg_diff.pt,creative professional,environmentalist
3,25,2.0,0.0,0.1,0.1,20,3.1934921741485596,2.2670724391937256,0.24431219696998596,2.3124866485595703,0.23773470520973206,1.7853527069091797,0.7517162561416626,meta-llama/Llama-3.1-8B-Instruct,Llama-3.1-8B-Instruct/multi_role/creative_professional_response_avg_diff.pt,Llama-3.1-8B-Instruct/multi_role/environmentalist_response_avg_diff.pt,creative professional,environmentalist
3,26,2.0,0.0,0.1,0.1,20,3.536109447479248,2.3111352920532227,0.2640315294265747,2.337906837463379,0.3034857511520386,1.9183598756790161,0.9869146347045898,meta-llama/Llama-3.1-8B-Instruct,Llama-3.1-8B-Instruct/multi_role/creative_professional_response_avg_diff.pt,Llama-3.1-8B-Instruct/multi_role/environmentalist_response_avg_diff.pt,creative professional,environmentalist
3,27,2.0,0.0,0.1,0.1,20,3.8890202045440674,2.3603153228759766,0.28252026438713074,2.404968500137329,0.3156326115131378,1.928969144821167,1.1811842918395996,meta-llama/Llama-3.1-8B-Instruct,Llama-3.1-8B-Instruct/multi_role/creative_professional_response_avg_diff.pt,Llama-3.1-8B-Instruct/multi_role/environmentalist_response_avg_diff.pt,creative professional,environmentalist
3,28,2.0,0.0,0.1,0.1,20,4.182896137237549,2.442121982574463,0.27952972054481506,2.4700329303741455,0.30452945828437805,2.0512642860412598,0.9488850831985474,meta-llama/Llama-3.1-8B-Instruct,Llama-3.1-8B-Instruct/multi_role/creative_professional_response_avg_diff.pt,Llama-3.1-8B-Instruct/multi_role/environmentalist_response_avg_diff.pt,creative professional,environmentalist
3,29,2.0,0.0,0.1,0.1,20,4.635008335113525,2.5634398460388184,0.29315468668937683,2.6870763301849365,0.33894404768943787,2.364365816116333,1.171030879020691,meta-llama/Llama-3.1-8B-Instruct,Llama-3.1-8B-Instruct/multi_role/creative_professional_response_avg_diff.pt,Llama-3.1-8B-Instruct/multi_role/environmentalist_response_avg_diff.pt,creative professional,environmentalist
3,30,2.0,0.0,0.1,0.1,20,5.2737908363342285,2.587052345275879,0.36119621992111206,2.860238790512085,0.4287368357181549,2.503589153289795,1.514735460281372,meta-llama/Llama-3.1-8B-Instruct,Llama-3.1-8B-Instruct/multi_role/creative_professional_response_avg_diff.pt,Llama-3.1-8B-Instruct/multi_role/environmentalist_response_avg_diff.pt,creative professional,environmentalist
3,31,2.0,0.0,0.1,0.1,20,9.186657905578613,1.7951987981796265,0.308522492647171,2.747605800628662,0.3321756422519684,5.178781509399414,5.008793354034424,meta-llama/Llama-3.1-8B-Instruct,Llama-3.1-8B-Instruct/multi_role/creative_professional_response_avg_diff.pt,Llama-3.1-8B-Instruct/multi_role/environmentalist_response_avg_diff.pt,creative professional,environmentalist
4,19,2.0,0.0,0.1,0.1,20,0.0,0.0,0.0,0.0,0.0,0.0,0.0,meta-llama/Llama-3.1-8B-Instruct,Llama-3.1-8B-Instruct/multi_role/creative_professional_response_avg_diff.pt,Llama-3.1-8B-Instruct/multi_role/environmentalist_response_avg_diff.pt,creative professional,environmentalist
4,20,2.0,0.0,0.1,0.1,20,2.001424789428711,2.0011541843414307,0.20752425491809845,2.0011541843414307,0.20752425491809845,1.9339429140090942,0.21312680840492249,meta-llama/Llama-3.1-8B-Instruct,Llama-3.1-8B-Instruct/multi_role/creative_professional_response_avg_diff.pt,Llama-3.1-8B-Instruct/multi_role/environmentalist_response_avg_diff.pt,creative professional,environmentalist
4,21,2.0,0.0,0.1,0.1,20,2.35845685005188,2.172851324081421,0.2128450870513916,2.0817694664001465,0.21019025146961212,1.9878336191177368,0.2825908660888672,meta-llama/Llama-3.1-8B-Instruct,Llama-3.1-8B-Instruct/multi_role/creative_professional_response_avg_diff.pt,Llama-3.1-8B-Instruct/multi_role/environmentalist_response_avg_diff.pt,creative professional,environmentalist
4,22,2.0,0.0,0.1,0.1,20,2.589386224746704,2.249382257461548,0.20823295414447784,2.2221107482910156,0.23636078834533691,2.0494155883789062,0.288860023021698,meta-llama/Llama-3.1-8B-Instruct,Llama-3.1-8B-Instruct/multi_role/creative_professional_response_avg_diff.pt,Llama-3.1-8B-Instruct/multi_role/environmentalist_response_avg_diff.pt,creative professional,environmentalist
4,23,2.0,0.0,0.1,0.1,20,2.8747141361236572,2.3358476161956787,0.2123594433069229,2.359382390975952,0.2665768265724182,2.1802749633789062,0.283303439617157,meta-llama/Llama-3.1-8B-Instruct,Llama-3.1-8B-Instruct/multi_role/creative_professional_response_avg_diff.pt,Llama-3.1-8B-Instruct/multi_role/environmentalist_response_avg_diff.pt,creative professional,environmentalist
4,24,2.0,0.0,0.1,0.1,20,3.085127830505371,2.3578546047210693,0.2186327576637268,2.437267541885376,0.2595583200454712,2.2351858615875244,0.28990525007247925,meta-llama/Llama-3.1-8B-Instruct,Llama-3.1-8B-Instruct/multi_role/creative_professional_response_avg_diff.pt,Llama-3.1-8B-Instruct/multi_role/environmentalist_response_avg_diff.pt,creative professional,environmentalist
4,25,2.0,0.0,0.1,0.1,20,3.3211746215820312,2.4382638931274414,0.2153824120759964,2.5591609477996826,0.23861053586006165,2.276838779449463,0.36143502593040466,meta-llama/Llama-3.1-8B-Instruct,Llama-3.1-8B-Instruct/multi_role/creative_professional_response_avg_diff.pt,Llama-3.1-8B-Instruct/multi_role/environmentalist_response_avg_diff.pt,creative professional,environmentalist
4,26,2.0,0.0,0.1,0.1,20,3.6109237670898438,2.5048537254333496,0.23428228497505188,2.6492066383361816,0.29759353399276733,2.3762292861938477,0.4459261894226074,meta-llama/Llama-3.1-8B-Instruct,Llama-3.1-8B-Instruct/multi_role/creative_professional_response_avg_diff.pt,Llama-3.1-8B-Instruct/multi_role/environmentalist_response_avg_diff.pt,creative professional,environmentalist
4,27,2.0,0.0,0.1,0.1,20,3.8694987297058105,2.5592219829559326,0.20783653855323792,2.770625114440918,0.2574855387210846,2.418046236038208,0.44182607531547546,meta-llama/Llama-3.1-8B-Instruct,Llama-3.1-8B-Instruct/multi_role/creative_professional_response_avg_diff.pt,Llama-3.1-8B-Instruct/multi_role/environmentalist_response_avg_diff.pt,creative professional,environmentalist
4,28,2.0,0.0,0.1,0.1,20,4.250606536865234,2.6552276611328125,0.20113083720207214,2.9016528129577637,0.2609240710735321,2.5615766048431396,0.528739869594574,meta-llama/Llama-3.1-8B-Instruct,Llama-3.1-8B-Instruct/multi_role/creative_professional_response_avg_diff.pt,Llama-3.1-8B-Instruct/multi_role/environmentalist_response_avg_diff.pt,creative professional,environmentalist
4,29,2.0,0.0,0.1,0.1,20,4.698352336883545,2.7397913932800293,0.21970979869365692,3.0534815788269043,0.32309800386428833,2.7341341972351074,0.5518558025360107,meta-llama/Llama-3.1-8B-Instruct,Llama-3.1-8B-Instruct/multi_role/creative_professional_response_avg_diff.pt,Llama-3.1-8B-Instruct/multi_role/environmentalist_response_avg_diff.pt,creative professional,environmentalist
4,30,2.0,0.0,0.1,0.1,20,5.417129993438721,2.7548904418945312,0.24041059613227844,3.2303972244262695,0.3807351589202881,2.917778968811035,0.5108110904693604,meta-llama/Llama-3.1-8B-Instruct,Llama-3.1-8B-Instruct/multi_role/creative_professional_response_avg_diff.pt,Llama-3.1-8B-Instruct/multi_role/environmentalist_response_avg_diff.pt,creative professional,environmentalist
4,31,2.0,0.0,0.1,0.1,20,8.408174514770508,1.8934333324432373,0.2185841202735901,3.0046322345733643,0.2552379071712494,4.643017292022705,0.5566434264183044,meta-llama/Llama-3.1-8B-Instruct,Llama-3.1-8B-Instruct/multi_role/creative_professional_response_avg_diff.pt,Llama-3.1-8B-Instruct/multi_role/environmentalist_response_avg_diff.pt,creative professional,environmentalist
5,19,2.0,0.0,0.1,0.1,20,0.0,0.0,0.0,0.0,0.0,0.0,0.0,meta-llama/Llama-3.1-8B-Instruct,Llama-3.1-8B-Instruct/multi_role/creative_professional_response_avg_diff.pt,Llama-3.1-8B-Instruct/multi_role/environmentalist_response_avg_diff.pt,creative professional,environmentalist
5,20,2.0,0.0,0.1,0.1,20,2.0011134147644043,2.000915050506592,0.20995870232582092,2.000915050506592,0.20995870232582092,1.9423857927322388,0.20450003445148468,meta-llama/Llama-3.1-8B-Instruct,Llama-3.1-8B-Instruct/multi_role/creative_professional_response_avg_diff.pt,Llama-3.1-8B-Instruct/multi_role/environmentalist_response_avg_diff.pt,creative professional,environmentalist
5,21,2.0,0.0,0.1,0.1,20,2.225008249282837,2.062227964401245,0.217011958360672,1.9671907424926758,0.21283584833145142,1.9293972253799438,0.3198913633823395,meta-llama/Llama-3.1-8B-Instruct,Llama-3.1-8B-Instruct/multi_role/creative_professional_response_avg_diff.pt,Llama-3.1-8B-Instruct/multi_role/environmentalist_response_avg_diff.pt,creative professional,environmentalist
5,22,2.0,0.0,0.1,0.1,20,2.424020767211914,2.1155285835266113,0.21559539437294006,2.033134937286377,0.22957482933998108,1.7635542154312134,0.3761308193206787,meta-llama/Llama-3.1-8B-Instruct,Llama-3.1-8B-Instruct/multi_role/creative_professional_response_avg_diff.pt,Llama-3.1-8B-Instruct/multi_role/environmentalist_response_avg_diff.pt,creative professional,environmentalist
5,23,2.0,0.0,0.1,0.1,20,2.6008541584014893,2.1618175506591797,0.20324991643428802,2.1214826107025146,0.23407423496246338,1.7896490097045898,0.4156252145767212,meta-llama/Llama-3.1-8B-Instruct,Llama-3.1-8B-Instruct/multi_role/creative_professional_response_avg_diff.pt,Llama-3.1-8B-Instruct/multi_role/environmentalist_response_avg_diff.pt,creative professional,environmentalist
5,24,2.0,0.0,0.1,0.1,20,2.8033447265625,2.1623716354370117,0.21202650666236877,2.142913341522217,0.229905903339386,1.8034783601760864,0.34446030855178833,meta-llama/Llama-3.1-8B-Instruct,Llama-3.1-8B-Instruct/multi_role/creative_professional_response_avg_diff.pt,Llama-3.1-8B-Instruct/multi_role/environmentalist_response_avg_diff.pt,creative professional,environmentalist
5,25,2.0,0.0,0.1,0.1,20,3.0380449295043945,2.18811297416687,0.22424650192260742,2.185098648071289,0.230153888463974,1.9192390441894531,0.28064629435539246,meta-llama/Llama-3.1-8B-Instruct,Llama-3.1-8B-Instruct/multi_role/creative_professional_response_avg_diff.pt,Llama-3.1-8B-Instruct/multi_role/environmentalist_response_avg_diff.pt,creative professional,environmentalist
5,26,2.0,0.0,0.1,0.1,20,3.3626222610473633,2.2344212532043457,0.23973828554153442,2.228578567504883,0.2858390212059021,2.066399574279785,0.35773923993110657,meta-llama/Llama-3.1-8B-Instruct,Llama-3.1-8B-Instruct/multi_role/creative_professional_response_avg_diff.pt,Llama-3.1-8B-Instruct/multi_role/environmentalist_response_avg_diff.pt,creative professional,environmentalist
5,27,2.0,0.0,0.1,0.1,20,3.6915698051452637,2.2480661869049072,0.21619409322738647,2.2733097076416016,0.26620763540267944,2.3659310340881348,0.35335591435432434,meta-llama/Llama-3.1-8B-Instruct,Llama-3.1-8B-Instruct/multi_role/creative_professional_response_avg_diff.pt,Llama-3.1-8B-Instruct/multi_role/environmentalist_response_avg_diff.pt,creative professional,environmentalist
5,28,2.0,0.0,0.1,0.1,20,4.040619850158691,2.333146810531616,0.19872823357582092,2.355009078979492,0.24880729615688324,2.5062456130981445,0.31969577074050903,meta-llama/Llama-3.1-8B-Instruct,Llama-3.1-8B-Instruct/multi_role/creative_professional_response_avg_diff.pt,Llama-3.1-8B-Instruct/multi_role/environmentalist_response_avg_diff.pt,creative professional,environmentalist
5,29,2.0,0.0,0.1,0.1,20,4.547767162322998,2.434770345687866,0.1884765923023224,2.576056718826294,0.26352471113204956,2.760960578918457,0.4026529788970947,meta-llama/Llama-3.1-8B-Instruct,Llama-3.1-8B-Instruct/multi_role/creative_professional_response_avg_diff.pt,Llama-3.1-8B-Instruct/multi_role/environmentalist_response_avg_diff.pt,creative professional,environmentalist
5,30,2.0,0.0,0.1,0.1,20,5.262530326843262,2.4665584564208984,0.22833216190338135,2.730295181274414,0.3282216489315033,3.152279853820801,0.3778337836265564,meta-llama/Llama-3.1-8B-Instruct,Llama-3.1-8B-Instruct/multi_role/creative_professional_response_avg_diff.pt,Llama-3.1-8B-Instruct/multi_role/environmentalist_response_avg_diff.pt,creative professional,environmentalist
5,31,2.0,0.0,0.1,0.1,20,9.45596981048584,1.6591567993164062,0.19094038009643555,2.4575302600860596,0.2383878231048584,6.511769771575928,0.27169889211654663,meta-llama/Llama-3.1-8B-Instruct,Llama-3.1-8B-Instruct/multi_role/creative_professional_response_avg_diff.pt,Llama-3.1-8B-Instruct/multi_role/environmentalist_response_avg_diff.pt,creative professional,environmentalist
6,19,2.0,0.0,0.1,0.1,20,0.0,0.0,0.0,0.0,0.0,0.0,0.0,meta-llama/Llama-3.1-8B-Instruct,Llama-3.1-8B-Instruct/multi_role/creative_professional_response_avg_diff.pt,Llama-3.1-8B-Instruct/multi_role/environmentalist_response_avg_diff.pt,creative professional,environmentalist
6,20,2.0,0.0,0.1,0.1,20,1.9999914169311523,1.9998104572296143,0.2085566371679306,1.9998104572296143,0.2085566371679306,1.9454683065414429,0.20813877880573273,meta-llama/Llama-3.1-8B-Instruct,Llama-3.1-8B-Instruct/multi_role/creative_professional_response_avg_diff.pt,Llama-3.1-8B-Instruct/multi_role/environmentalist_response_avg_diff.pt,creative professional,environmentalist
6,21,2.0,0.0,0.1,0.1,20,2.2492988109588623,2.084257125854492,0.21956181526184082,1.989511489868164,0.2122870683670044,1.9132602214813232,0.31734904646873474,meta-llama/Llama-3.1-8B-Instruct,Llama-3.1-8B-Instruct/multi_role/creative_professional_response_avg_diff.pt,Llama-3.1-8B-Instruct/multi_role/environmentalist_response_avg_diff.pt,creative professional,environmentalist
6,22,2.0,0.0,0.1,0.1,20,2.4320554733276367,2.115169048309326,0.23832759261131287,2.0334649085998535,0.24851517379283905,1.9028127193450928,0.38425499200820923,meta-llama/Llama-3.1-8B-Instruct,Llama-3.1-8B-Instruct/multi_role/creative_professional_response_avg_diff.pt,Llama-3.1-8B-Instruct/multi_role/environmentalist_response_avg_diff.pt,creative professional,environmentalist
6,23,2.0,0.0,0.1,0.1,20,2.619063138961792,2.175165891647339,0.23407375812530518,2.133775234222412,0.2574300169944763,1.9388844966888428,0.435874342918396,meta-llama/Llama-3.1-8B-Instruct,Llama-3.1-8B-Instruct/multi_role/creative_professional_response_avg_diff.pt,Llama-3.1-8B-Instruct/multi_role/environmentalist_response_avg_diff.pt,creative professional,environmentalist
6,24,2.0,0.0,0.1,0.1,20,2.7895987033843994,2.159259080886841,0.23761725425720215,2.1361083984375,0.2494489848613739,1.9451301097869873,0.4671661853790283,meta-llama/Llama-3.1-8B-Instruct,Llama-3.1-8B-Instruct/multi_role/creative_professional_response_avg_diff.pt,Llama-3.1-8B-Instruct/multi_role/environmentalist_response_avg_diff.pt,creative professional,environmentalist
6,25,2.0,0.0,0.1,0.1,20,3.014556646347046,2.205918788909912,0.24324163794517517,2.180108070373535,0.24353212118148804,1.9691840410232544,0.5781680345535278,meta-llama/Llama-3.1-8B-Instruct,Llama-3.1-8B-Instruct/multi_role/creative_professional_response_avg_diff.pt,Llama-3.1-8B-Instruct/multi_role/environmentalist_response_avg_diff.pt,creative professional,environmentalist
6,26,2.0,0.0,0.1,0.1,20,3.294668197631836,2.2381014823913574,0.2677465081214905,2.187821865081787,0.30698782205581665,2.0949530601501465,0.7725191116333008,meta-llama/Llama-3.1-8B-Instruct,Llama-3.1-8B-Instruct/multi_role/creative_professional_response_avg_diff.pt,Llama-3.1-8B-Instruct/multi_role/environmentalist_response_avg_diff.pt,creative professional,environmentalist
6,27,2.0,0.0,0.1,0.1,20,3.583292245864868,2.274186611175537,0.2763667404651642,2.2527613639831543,0.32337868213653564,2.2540924549102783,0.8188766241073608,meta-llama/Llama-3.1-8B-Instruct,Llama-3.1-8B-Instruct/multi_role/creative_professional_response_avg_diff.pt,Llama-3.1-8B-Instruct/multi_role/environmentalist_response_avg_diff.pt,creative professional,environmentalist
6,28,2.0,0.0,0.1,0.1,20,3.8902063369750977,2.34329891204834,0.2816125154495239,2.2987570762634277,0.31203001737594604,2.4140427112579346,0.9161946773529053,meta-llama/Llama-3.1-8B-Instruct,Llama-3.1-8B-Instruct/multi_role/creative_professional_response_avg_diff.pt,Llama-3.1-8B-Instruct/multi_role/environmentalist_response_avg_diff.pt,creative professional,environmentalist
6,29,2.0,0.0,0.1,0.1,20,4.32460880279541,2.4358749389648438,0.2915125787258148,2.462852954864502,0.32482099533081055,2.5165164470672607,0.7749399542808533,meta-llama/Llama-3.1-8B-Instruct,Llama-3.1-8B-Instruct/multi_role/creative_professional_response_avg_diff.pt,Llama-3.1-8B-Instruct/multi_role/environmentalist_response_avg_diff.pt,creative professional,environmentalist
6,30,2.0,0.0,0.1,0.1,20,4.939116954803467,2.4626903533935547,0.3206923007965088,2.5993175506591797,0.396844744682312,2.7257308959960938,0.9205069541931152,meta-llama/Llama-3.1-8B-Instruct,Llama-3.1-8B-Instruct/multi_role/creative_professional_response_avg_diff.pt,Llama-3.1-8B-Instruct/multi_role/environmentalist_response_avg_diff.pt,creative professional,environmentalist
6,31,2.0,0.0,0.1,0.1,20,8.539562225341797,1.776879072189331,0.26341649889945984,2.580659866333008,0.2601516842842102,5.624826431274414,1.9852843284606934,meta-llama/Llama-3.1-8B-Instruct,Llama-3.1-8B-Instruct/multi_role/creative_professional_response_avg_diff.pt,Llama-3.1-8B-Instruct/multi_role/environmentalist_response_avg_diff.pt,creative professional,environmentalist
7,19,2.0,0.0,0.1,0.1,20,0.0,0.0,0.0,0.0,0.0,0.0,0.0,meta-llama/Llama-3.1-8B-Instruct,Llama-3.1-8B-Instruct/multi_role/creative_professional_response_avg_diff.pt,Llama-3.1-8B-Instruct/multi_role/environmentalist_response_avg_diff.pt,creative professional,environmentalist
7,20,2.0,0.0,0.1,0.1,20,2.0007195472717285,2.000534772872925,0.2097139209508896,2.000534772872925,0.2097139209508896,1.9443793296813965,0.2041117399930954,meta-llama/Llama-3.1-8B-Instruct,Llama-3.1-8B-Instruct/multi_role/creative_professional_response_avg_diff.pt,Llama-3.1-8B-Instruct/multi_role/environmentalist_response_avg_diff.pt,creative professional,environmentalist
7,21,2.0,0.0,0.1,0.1,20,2.2233448028564453,2.0324013233184814,0.23540617525577545,1.9378072023391724,0.22718197107315063,1.8869433403015137,0.32320791482925415,meta-llama/Llama-3.1-8B-Instruct,Llama-3.1-8B-Instruct/multi_role/creative_professional_response_avg_diff.pt,Llama-3.1-8B-Instruct/multi_role/environmentalist_response_avg_diff.pt,creative professional,environmentalist
7,22,2.0,0.0,0.1,0.1,20,2.394791603088379,2.044468879699707,0.24663807451725006,1.956279993057251,0.24702003598213196,1.8651599884033203,0.3396650552749634,meta-llama/Llama-3.1-8B-Instruct,Llama-3.1-8B-Instruct/multi_role/creative_professional_response_avg_diff.pt,Llama-3.1-8B-Instruct/multi_role/environmentalist_response_avg_diff.pt,creative professional,environmentalist
7,23,2.0,0.0,0.1,0.1,20,2.537034749984741,2.064770460128784,0.23810896277427673,2.00656795501709,0.25133106112480164,1.8187050819396973,0.3000892400741577,meta-llama/Llama-3.1-8B-Instruct,Llama-3.1-8B-Instruct/multi_role/creative_professional_response_avg_diff.pt,Llama-3.1-8B-Instruct/multi_role/environmentalist_response_avg_diff.pt,creative professional,environmentalist
7,24,2.0,0.0,0.1,0.1,20,2.700758218765259,2.03452730178833,0.25028902292251587,1.989998459815979,0.24438637495040894,1.8467719554901123,0.41604679822921753,meta-llama/Llama-3.1-8B-Instruct,Llama-3.1-8B-Instruct/multi_role/creative_professional_response_avg_diff.pt,Llama-3.1-8B-Instruct/multi_role/environmentalist_response_avg_diff.pt,creative professional,environmentalist
7,25,2.0,0.0,0.1,0.1,20,2.8878259658813477,2.047574043273926,0.24852287769317627,2.00130558013916,0.2269134819507599,1.8818950653076172,0.4556909203529358,meta-llama/Llama-3.1-8B-Instruct,Llama-3.1-8B-Instruct/multi_role/creative_professional_response_avg_diff.pt,Llama-3.1-8B-Instruct/multi_role/environmentalist_response_avg_diff.pt,creative professional,environmentalist
7,26,2.0,0.0,0.1,0.1,20,3.1395816802978516,2.0749311447143555,0.2538706958293915,2.0117337703704834,0.2659532427787781,1.6089022159576416,0.3179476857185364,meta-llama/Llama-3.1-8B-Instruct,Llama-3.1-8B-Instruct/multi_role/creative_professional_response_avg_diff.pt,Llama-3.1-8B-Instruct/multi_role/environmentalist_response_avg_diff.pt,creative professional,environmentalist
7,27,2.0,0.0,0.1,0.1,20,3.4373552799224854,2.081848621368408,0.24838227033615112,2.0150506496429443,0.2695003151893616,1.5749781131744385,0.22895945608615875,meta-llama/Llama-3.1-8B-Instruct,Llama-3.1-8B-Instruct/multi_role/creative_professional_response_avg_diff.pt,Llama-3.1-8B-Instruct/multi_role/environmentalist_response_avg_diff.pt,creative professional,environmentalist
7,28,2.0,0.0,0.1,0.1,20,3.724618911743164,2.1372103691101074,0.24154670536518097,2.015960216522217,0.24447253346443176,2.1291956901550293,0.6117764711380005,meta-llama/Llama-3.1-8B-Instruct,Llama-3.1-8B-Instruct/multi_role/creative_professional_response_avg_diff.pt,Llama-3.1-8B-Instruct/multi_role/environmentalist_response_avg_diff.pt,creative professional,environmentalist
7,29,2.0,0.0,0.1,0.1,20,4.159058570861816,2.200127124786377,0.2456221878528595,2.15920090675354,0.23373320698738098,2.4975693225860596,0.7152392864227295,meta-llama/Llama-3.1-8B-Instruct,Llama-3.1-8B-Instruct/multi_role/creative_professional_response_avg_diff.pt,Llama-3.1-8B-Instruct/multi_role/environmentalist_response_avg_diff.pt,creative professional,environmentalist
7,30,2.0,0.0,0.1,0.1,20,4.639350414276123,2.2070720195770264,0.28382426500320435,2.245476484298706,0.28941041231155396,2.521930694580078,0.8611034154891968,meta-llama/Llama-3.1-8B-Instruct,Llama-3.1-8B-Instruct/multi_role/creative_professional_response_avg_diff.pt,Llama-3.1-8B-Instruct/multi_role/environmentalist_response_avg_diff.pt,creative professional,environmentalist
7,31,2.0,0.0,0.1,0.1,20,7.724521160125732,1.4927799701690674,0.22677460312843323,2.0391244888305664,0.20875045657157898,4.5544633865356445,2.7943670749664307,meta-llama/Llama-3.1-8B-Instruct,Llama-3.1-8B-Instruct/multi_role/creative_professional_response_avg_diff.pt,Llama-3.1-8B-Instruct/multi_role/environmentalist_response_avg_diff.pt,creative professional,environmentalist
8,19,2.0,0.0,0.1,0.1,20,0.0,0.0,0.0,0.0,0.0,0.0,0.0,meta-llama/Llama-3.1-8B-Instruct,Llama-3.1-8B-Instruct/multi_role/creative_professional_response_avg_diff.pt,Llama-3.1-8B-Instruct/multi_role/environmentalist_response_avg_diff.pt,creative professional,environmentalist
8,20,2.0,0.0,0.1,0.1,20,1.9994515180587769,1.9992612600326538,0.21065744757652283,1.9992612600326538,0.21065744757652283,1.9369215965270996,0.21749694645404816,meta-llama/Llama-3.1-8B-Instruct,Llama-3.1-8B-Instruct/multi_role/creative_professional_response_avg_diff.pt,Llama-3.1-8B-Instruct/multi_role/environmentalist_response_avg_diff.pt,creative professional,environmentalist
8,21,2.0,0.0,0.1,0.1,20,2.2732255458831787,2.1080338954925537,0.22961589694023132,2.012312889099121,0.22466926276683807,1.9786667823791504,0.20912259817123413,meta-llama/Llama-3.1-8B-Instruct,Llama-3.1-8B-Instruct/multi_role/creative_professional_response_avg_diff.pt,Llama-3.1-8B-Instruct/multi_role/environmentalist_response_avg_diff.pt,creative professional,environmentalist
8,22,2.0,0.0,0.1,0.1,20,2.4611518383026123,2.149202585220337,0.2320559322834015,2.086649179458618,0.24548208713531494,1.957958698272705,0.1847638636827469,meta-llama/Llama-3.1-8B-Instruct,Llama-3.1-8B-Instruct/multi_role/creative_professional_response_avg_diff.pt,Llama-3.1-8B-Instruct/multi_role/environmentalist_response_avg_diff.pt,creative professional,environmentalist
8,23,2.0,0.0,0.1,0.1,20,2.6755454540252686,2.216641664505005,0.2332683801651001,2.1996827125549316,0.26583749055862427,1.974935531616211,0.1899944245815277,meta-llama/Llama-3.1-8B-Instruct,Llama-3.1-8B-Instruct/multi_role/creative_professional_response_avg_diff.pt,Llama-3.1-8B-Instruct/multi_role/environmentalist_response_avg_diff.pt,creative professional,environmentalist
8,24,2.0,0.0,0.1,0.1,20,2.9052574634552,2.2177228927612305,0.23162603378295898,2.2269272804260254,0.2459615170955658,2.0882835388183594,0.3392554223537445,meta-llama/Llama-3.1-8B-Instruct,Llama-3.1-8B-Instruct/multi_role/creative_professional_response_avg_diff.pt,Llama-3.1-8B-Instruct/multi_role/environmentalist_response_avg_diff.pt,creative professional,environmentalist
8,25,2.0,0.0,0.1,0.1,20,3.1175568103790283,2.255692481994629,0.24458268284797668,2.282702922821045,0.24697764217853546,2.1066317558288574,0.3857245445251465,meta-llama/Llama-3.1-8B-Instruct,Llama-3.1-8B-Instruct/multi_role/creative_professional_response_avg_diff.pt,Llama-3.1-8B-Instruct/multi_role/environmentalist_response_avg_diff.pt,creative professional,environmentalist
8,26,2.0,0.0,0.1,0.1,20,3.459846019744873,2.3058295249938965,0.27321919798851013,2.3127317428588867,0.31565308570861816,2.239255428314209,0.5554734468460083,meta-llama/Llama-3.1-8B-Instruct,Llama-3.1-8B-Instruct/multi_role/creative_professional_response_avg_diff.pt,Llama-3.1-8B-Instruct/multi_role/environmentalist_response_avg_diff.pt,creative professional,environmentalist
8,27,2.0,0.0,0.1,0.1,20,3.770622968673706,2.3586554527282715,0.27229708433151245,2.4079363346099854,0.3124070465564728,2.341920852661133,0.608801543712616,meta-llama/Llama-3.1-8B-Instruct,Llama-3.1-8B-Instruct/multi_role/creative_professional_response_avg_diff.pt,Llama-3.1-8B-Instruct/multi_role/environmentalist_response_avg_diff.pt,creative professional,environmentalist
8,28,2.0,0.0,0.1,0.1,20,4.150796413421631,2.461968421936035,0.264588862657547,2.494302272796631,0.309658408164978,2.5259459018707275,0.8904227018356323,meta-llama/Llama-3.1-8B-Instruct,Llama-3.1-8B-Instruct/multi_role/creative_professional_response_avg_diff.pt,Llama-3.1-8B-Instruct/multi_role/environmentalist_response_avg_diff.pt,creative professional,environmentalist
8,29,2.0,0.0,0.1,0.1,20,4.602913856506348,2.5757319927215576,0.2664410173892975,2.71573543548584,0.33500778675079346,2.75472354888916,0.8232003450393677,meta-llama/Llama-3.1-8B-Instruct,Llama-3.1-8B-Instruct/multi_role/creative_professional_response_avg_diff.pt,Llama-3.1-8B-Instruct/multi_role/environmentalist_response_avg_diff.pt,creative professional,environmentalist
8,30,2.0,0.0,0.1,0.1,20,5.299050807952881,2.6472811698913574,0.33210164308547974,2.9126267433166504,0.4094274044036865,2.9713339805603027,0.9674959182739258,meta-llama/Llama-3.1-8B-Instruct,Llama-3.1-8B-Instruct/multi_role/creative_professional_response_avg_diff.pt,Llama-3.1-8B-Instruct/multi_role/environmentalist_response_avg_diff.pt,creative professional,environmentalist
8,31,2.0,0.0,0.1,0.1,20,8.846381187438965,1.869661808013916,0.2600891590118408,2.8195981979370117,0.26019012928009033,5.3034467697143555,2.1054980754852295,meta-llama/Llama-3.1-8B-Instruct,Llama-3.1-8B-Instruct/multi_role/creative_professional_response_avg_diff.pt,Llama-3.1-8B-Instruct/multi_role/environmentalist_response_avg_diff.pt,creative professional,environmentalist
9,19,2.0,0.0,0.1,0.1,20,0.0,0.0,0.0,0.0,0.0,0.0,0.0,meta-llama/Llama-3.1-8B-Instruct,Llama-3.1-8B-Instruct/multi_role/creative_professional_response_avg_diff.pt,Llama-3.1-8B-Instruct/multi_role/environmentalist_response_avg_diff.pt,creative professional,environmentalist
9,20,2.0,0.0,0.1,0.1,20,2.000016689300537,1.9997751712799072,0.20775963366031647,1.9997751712799072,0.20775963366031647,1.9349522590637207,0.20520800352096558,meta-llama/Llama-3.1-8B-Instruct,Llama-3.1-8B-Instruct/multi_role/creative_professional_response_avg_diff.pt,Llama-3.1-8B-Instruct/multi_role/environmentalist_response_avg_diff.pt,creative professional,environmentalist
9,21,2.0,0.0,0.1,0.1,20,2.299081325531006,2.1288809776306152,0.2189372181892395,2.039098024368286,0.2127947211265564,2.0216026306152344,0.28730082511901855,meta-llama/Llama-3.1-8B-Instruct,Llama-3.1-8B-Instruct/multi_role/creative_professional_response_avg_diff.pt,Llama-3.1-8B-Instruct/multi_role/environmentalist_response_avg_diff.pt,creative professional,environmentalist
9,22,2.0,0.0,0.1,0.1,20,2.5128700733184814,2.202533006668091,0.23435059189796448,2.154864549636841,0.24890200793743134,2.058976650238037,0.35568052530288696,meta-llama/Llama-3.1-8B-Instruct,Llama-3.1-8B-Instruct/multi_role/creative_professional_response_avg_diff.pt,Llama-3.1-8B-Instruct/multi_role/environmentalist_response_avg_diff.pt,creative professional,environmentalist
9,23,2.0,0.0,0.1,0.1,20,2.738151788711548,2.2798008918762207,0.22235463559627533,2.2801716327667236,0.25199154019355774,1.9893823862075806,0.3116084337234497,meta-llama/Llama-3.1-8B-Instruct,Llama-3.1-8B-Instruct/multi_role/creative_professional_response_avg_diff.pt,Llama-3.1-8B-Instruct/multi_role/environmentalist_response_avg_diff.pt,creative professional,environmentalist
9,24,2.0,0.0,0.1,0.1,20,2.9438629150390625,2.282778739929199,0.233896404504776,2.3174548149108887,0.25221458077430725,2.0083248615264893,0.48345428705215454,meta-llama/Llama-3.1-8B-Instruct,Llama-3.1-8B-Instruct/multi_role/creative_professional_response_avg_diff.pt,Llama-3.1-8B-Instruct/multi_role/environmentalist_response_avg_diff.pt,creative professional,environmentalist
9,25,2.0,0.0,0.1,0.1,20,3.1755905151367188,2.3428561687469482,0.2396339625120163,2.4021048545837402,0.24854733049869537,2.094345808029175,0.6601930856704712,meta-llama/Llama-3.1-8B-Instruct,Llama-3.1-8B-Instruct/multi_role/creative_professional_response_avg_diff.pt,Llama-3.1-8B-Instruct/multi_role/environmentalist_response_avg_diff.pt,creative professional,environmentalist
9,26,2.0,0.0,0.1,0.1,20,3.5052130222320557,2.3946235179901123,0.26650217175483704,2.4475765228271484,0.3134852945804596,2.190711736679077,0.8562190532684326,meta-llama/Llama-3.1-8B-Instruct,Llama-3.1-8B-Instruct/multi_role/creative_professional_response_avg_diff.pt,Llama-3.1-8B-Instruct/multi_role/environmentalist_response_avg_diff.pt,creative professional,environmentalist
9,27,2.0,0.0,0.1,0.1,20,3.833022117614746,2.434981346130371,0.26535147428512573,2.5171804428100586,0.30260133743286133,2.3516807556152344,1.06946861743927,meta-llama/Llama-3.1-8B-Instruct,Llama-3.1-8B-Instruct/multi_role/creative_professional_response_avg_diff.pt,Llama-3.1-8B-Instruct/multi_role/environmentalist_response_avg_diff.pt,creative professional,environmentalist
9,28,2.0,0.0,0.1,0.1,20,4.201502799987793,2.5361552238464355,0.2484908252954483,2.597200632095337,0.28155264258384705,2.4744455814361572,1.0875545740127563,meta-llama/Llama-3.1-8B-Instruct,Llama-3.1-8B-Instruct/multi_role/creative_professional_response_avg_diff.pt,Llama-3.1-8B-Instruct/multi_role/environmentalist_response_avg_diff.pt,creative professional,environmentalist
9,29,2.0,0.0,0.1,0.1,20,4.682302951812744,2.665708541870117,0.2533412277698517,2.8207216262817383,0.2860904932022095,2.6334712505340576,1.1493120193481445,meta-llama/Llama-3.1-8B-Instruct,Llama-3.1-8B-Instruct/multi_role/creative_professional_response_avg_diff.pt,Llama-3.1-8B-Instruct/multi_role/environmentalist_response_avg_diff.pt,creative professional,environmentalist
9,30,2.0,0.0,0.1,0.1,20,5.332485198974609,2.715679168701172,0.3068634569644928,3.042057991027832,0.36371147632598877,2.6550517082214355,1.1885380744934082,meta-llama/Llama-3.1-8B-Instruct,Llama-3.1-8B-Instruct/multi_role/creative_professional_response_avg_diff.pt,Llama-3.1-8B-Instruct/multi_role/environmentalist_response_avg_diff.pt,creative professional,environmentalist
9,31,2.0,0.0,0.1,0.1,20,8.778743743896484,1.9728014469146729,0.21091574430465698,2.9620821475982666,0.2188427895307541,3.115222454071045,1.9390400648117065,meta-llama/Llama-3.1-8B-Instruct,Llama-3.1-8B-Instruct/multi_role/creative_professional_response_avg_diff.pt,Llama-3.1-8B-Instruct/multi_role/environmentalist_response_avg_diff.pt,creative professional,environmentalist
