prompt_idx,layer,steer_layer,alpha_A,alpha_B,eps_A,eps_B,delta_l2,proj_A20,proj_B20,proj_A_L,proj_B_L,proj_A_transport,proj_B_transport,cos_tA_tB,model,vecA_path,vecB_path
0,19,20,1.0,1.0,0.1,0.1,0.0,0.0,0.0,0.0,0.0,0.0,0.0,0.0,meta-llama/Llama-3.1-8B-Instruct,Llama-3.1-8B-Instruct/multi_role/creative_professional_response_avg_diff.pt,Llama-3.1-8B-Instruct/multi_role/environmentalist_response_avg_diff.pt
0,20,20,1.0,1.0,0.1,0.1,1.4850505590438843,1.103736162185669,1.1032533645629883,1.103736162185669,1.1032533645629883,1.0991909503936768,1.076615333557129,0.12439753093631181,meta-llama/Llama-3.1-8B-Instruct,Llama-3.1-8B-Instruct/multi_role/creative_professional_response_avg_diff.pt,Llama-3.1-8B-Instruct/multi_role/environmentalist_response_avg_diff.pt
0,21,20,1.0,1.0,0.1,0.1,1.708030104637146,1.1427242755889893,1.154257893562317,1.0773935317993164,1.1039087772369385,1.1517767906188965,1.1551586389541626,0.2761722638505643,meta-llama/Llama-3.1-8B-Instruct,Llama-3.1-8B-Instruct/multi_role/creative_professional_response_avg_diff.pt,Llama-3.1-8B-Instruct/multi_role/environmentalist_response_avg_diff.pt
0,22,20,1.0,1.0,0.1,0.1,1.8564425706863403,1.1715220212936401,1.149914264678955,1.097116231918335,1.1118923425674438,1.1657800674438477,1.1877341270446777,0.273404165151241,meta-llama/Llama-3.1-8B-Instruct,Llama-3.1-8B-Instruct/multi_role/creative_professional_response_avg_diff.pt,Llama-3.1-8B-Instruct/multi_role/environmentalist_response_avg_diff.pt
0,23,20,1.0,1.0,0.1,0.1,1.9651801586151123,1.1810622215270996,1.1659455299377441,1.1084933280944824,1.1402587890625,1.1381402015686035,1.1704646348953247,0.29893270654633514,meta-llama/Llama-3.1-8B-Instruct,Llama-3.1-8B-Instruct/multi_role/creative_professional_response_avg_diff.pt,Llama-3.1-8B-Instruct/multi_role/environmentalist_response_avg_diff.pt
0,24,20,1.0,1.0,0.1,0.1,2.0706117153167725,1.1690845489501953,1.1649165153503418,1.1070212125778198,1.1407967805862427,1.1504287719726562,1.2091002464294434,0.31588526150835605,meta-llama/Llama-3.1-8B-Instruct,Llama-3.1-8B-Instruct/multi_role/creative_professional_response_avg_diff.pt,Llama-3.1-8B-Instruct/multi_role/environmentalist_response_avg_diff.pt
0,25,20,1.0,1.0,0.1,0.1,2.2079434394836426,1.2030627727508545,1.1861579418182373,1.1506571769714355,1.1601741313934326,1.205201268196106,1.2487115859985352,0.3532458844887479,meta-llama/Llama-3.1-8B-Instruct,Llama-3.1-8B-Instruct/multi_role/creative_professional_response_avg_diff.pt,Llama-3.1-8B-Instruct/multi_role/environmentalist_response_avg_diff.pt
0,26,20,1.0,1.0,0.1,0.1,2.408109664916992,1.2534778118133545,1.2377207279205322,1.1792372465133667,1.2146422863006592,1.2357631921768188,1.3395065069198608,0.35085105895996593,meta-llama/Llama-3.1-8B-Instruct,Llama-3.1-8B-Instruct/multi_role/creative_professional_response_avg_diff.pt,Llama-3.1-8B-Instruct/multi_role/environmentalist_response_avg_diff.pt
0,27,20,1.0,1.0,0.1,0.1,2.578845977783203,1.2677254676818848,1.2380750179290771,1.1917307376861572,1.2213106155395508,1.2407472133636475,1.3984310626983643,0.35355621638634677,meta-llama/Llama-3.1-8B-Instruct,Llama-3.1-8B-Instruct/multi_role/creative_professional_response_avg_diff.pt,Llama-3.1-8B-Instruct/multi_role/environmentalist_response_avg_diff.pt
0,28,20,1.0,1.0,0.1,0.1,2.8328816890716553,1.328864336013794,1.2905224561691284,1.2414958477020264,1.267729640007019,1.3683087825775146,1.5472075939178467,0.3694611969821261,meta-llama/Llama-3.1-8B-Instruct,Llama-3.1-8B-Instruct/multi_role/creative_professional_response_avg_diff.pt,Llama-3.1-8B-Instruct/multi_role/environmentalist_response_avg_diff.pt
0,29,20,1.0,1.0,0.1,0.1,3.1195461750030518,1.393256664276123,1.3183643817901611,1.3957264423370361,1.3153095245361328,1.4157423973083496,1.563990831375122,0.3675279757413835,meta-llama/Llama-3.1-8B-Instruct,Llama-3.1-8B-Instruct/multi_role/creative_professional_response_avg_diff.pt,Llama-3.1-8B-Instruct/multi_role/environmentalist_response_avg_diff.pt
0,30,20,1.0,1.0,0.1,0.1,3.6061224937438965,1.4242496490478516,1.39168119430542,1.4807703495025635,1.4488202333450317,1.4500073194503784,1.7099910974502563,0.3871329330564811,meta-llama/Llama-3.1-8B-Instruct,Llama-3.1-8B-Instruct/multi_role/creative_professional_response_avg_diff.pt,Llama-3.1-8B-Instruct/multi_role/environmentalist_response_avg_diff.pt
0,31,20,1.0,1.0,0.1,0.1,5.870342254638672,0.8739980459213257,1.0948832035064697,1.3768826723098755,1.2246637344360352,2.5603013038635254,2.7312779426574707,0.49944105734367206,meta-llama/Llama-3.1-8B-Instruct,Llama-3.1-8B-Instruct/multi_role/creative_professional_response_avg_diff.pt,Llama-3.1-8B-Instruct/multi_role/environmentalist_response_avg_diff.pt
1,19,20,1.0,1.0,0.1,0.1,0.0,0.0,0.0,0.0,0.0,0.0,0.0,0.0,meta-llama/Llama-3.1-8B-Instruct,Llama-3.1-8B-Instruct/multi_role/creative_professional_response_avg_diff.pt,Llama-3.1-8B-Instruct/multi_role/environmentalist_response_avg_diff.pt
1,20,20,1.0,1.0,0.1,0.1,1.4850915670394897,1.1041027307510376,1.1029753684997559,1.1041027307510376,1.1029753684997559,1.0989406108856201,1.077333927154541,0.12372059367422707,meta-llama/Llama-3.1-8B-Instruct,Llama-3.1-8B-Instruct/multi_role/creative_professional_response_avg_diff.pt,Llama-3.1-8B-Instruct/multi_role/environmentalist_response_avg_diff.pt
1,21,20,1.0,1.0,0.1,0.1,1.708180546760559,1.1435778141021729,1.1537460088729858,1.0791536569595337,1.1047422885894775,1.1646662950515747,1.1358004808425903,0.2249787926825288,meta-llama/Llama-3.1-8B-Instruct,Llama-3.1-8B-Instruct/multi_role/creative_professional_response_avg_diff.pt,Llama-3.1-8B-Instruct/multi_role/environmentalist_response_avg_diff.pt
1,22,20,1.0,1.0,0.1,0.1,1.8669867515563965,1.1743887662887573,1.160312533378601,1.0920568704605103,1.1200237274169922,1.1828815937042236,1.1580111980438232,0.28343156075358916,meta-llama/Llama-3.1-8B-Instruct,Llama-3.1-8B-Instruct/multi_role/creative_professional_response_avg_diff.pt,Llama-3.1-8B-Instruct/multi_role/environmentalist_response_avg_diff.pt
1,23,20,1.0,1.0,0.1,0.1,1.9821910858154297,1.1864960193634033,1.1752996444702148,1.105019450187683,1.1468440294265747,1.1513859033584595,1.165759563446045,0.2457782040171102,meta-llama/Llama-3.1-8B-Instruct,Llama-3.1-8B-Instruct/multi_role/creative_professional_response_avg_diff.pt,Llama-3.1-8B-Instruct/multi_role/environmentalist_response_avg_diff.pt
1,24,20,1.0,1.0,0.1,0.1,2.105445623397827,1.1709790229797363,1.1853859424591064,1.095883846282959,1.1601319313049316,1.1366873979568481,1.217015266418457,0.2929716869288432,meta-llama/Llama-3.1-8B-Instruct,Llama-3.1-8B-Instruct/multi_role/creative_professional_response_avg_diff.pt,Llama-3.1-8B-Instruct/multi_role/environmentalist_response_avg_diff.pt
1,25,20,1.0,1.0,0.1,0.1,2.2661423683166504,1.2068301439285278,1.2218730449676514,1.1377240419387817,1.190216302871704,1.1418615579605103,1.2638475894927979,0.32390866901669235,meta-llama/Llama-3.1-8B-Instruct,Llama-3.1-8B-Instruct/multi_role/creative_professional_response_avg_diff.pt,Llama-3.1-8B-Instruct/multi_role/environmentalist_response_avg_diff.pt
1,26,20,1.0,1.0,0.1,0.1,2.4563260078430176,1.2588273286819458,1.2633838653564453,1.1729414463043213,1.2339982986450195,1.2323538064956665,1.3584568500518799,0.3595957076309473,meta-llama/Llama-3.1-8B-Instruct,Llama-3.1-8B-Instruct/multi_role/creative_professional_response_avg_diff.pt,Llama-3.1-8B-Instruct/multi_role/environmentalist_response_avg_diff.pt
1,27,20,1.0,1.0,0.1,0.1,2.6057634353637695,1.2716108560562134,1.2503199577331543,1.195603847503662,1.2357277870178223,1.2598037719726562,1.3757885694503784,0.3771457985490164,meta-llama/Llama-3.1-8B-Instruct,Llama-3.1-8B-Instruct/multi_role/creative_professional_response_avg_diff.pt,Llama-3.1-8B-Instruct/multi_role/environmentalist_response_avg_diff.pt
1,28,20,1.0,1.0,0.1,0.1,2.8342084884643555,1.311991810798645,1.2919349670410156,1.2307705879211426,1.2687424421310425,1.3112282752990723,1.4278178215026855,0.3715173353899032,meta-llama/Llama-3.1-8B-Instruct,Llama-3.1-8B-Instruct/multi_role/creative_professional_response_avg_diff.pt,Llama-3.1-8B-Instruct/multi_role/environmentalist_response_avg_diff.pt
1,29,20,1.0,1.0,0.1,0.1,3.1390953063964844,1.3740535974502563,1.3338192701339722,1.3604122400283813,1.3235875368118286,1.455165147781372,1.5529425144195557,0.37821369980121317,meta-llama/Llama-3.1-8B-Instruct,Llama-3.1-8B-Instruct/multi_role/creative_professional_response_avg_diff.pt,Llama-3.1-8B-Instruct/multi_role/environmentalist_response_avg_diff.pt
1,30,20,1.0,1.0,0.1,0.1,3.6163136959075928,1.4060497283935547,1.3814060688018799,1.4731192588806152,1.4672234058380127,1.6666927337646484,1.73653244972229,0.4003286838923657,meta-llama/Llama-3.1-8B-Instruct,Llama-3.1-8B-Instruct/multi_role/creative_professional_response_avg_diff.pt,Llama-3.1-8B-Instruct/multi_role/environmentalist_response_avg_diff.pt
1,31,20,1.0,1.0,0.1,0.1,5.455921173095703,0.865591287612915,1.073258399963379,1.3346843719482422,1.272275686264038,2.1045780181884766,2.539212465286255,0.4549263476446853,meta-llama/Llama-3.1-8B-Instruct,Llama-3.1-8B-Instruct/multi_role/creative_professional_response_avg_diff.pt,Llama-3.1-8B-Instruct/multi_role/environmentalist_response_avg_diff.pt
2,19,20,1.0,1.0,0.1,0.1,0.0,0.0,0.0,0.0,0.0,0.0,0.0,0.0,meta-llama/Llama-3.1-8B-Instruct,Llama-3.1-8B-Instruct/multi_role/creative_professional_response_avg_diff.pt,Llama-3.1-8B-Instruct/multi_role/environmentalist_response_avg_diff.pt
2,20,20,1.0,1.0,0.1,0.1,1.4862912893295288,1.1047747135162354,1.1040116548538208,1.1047747135162354,1.1040116548538208,1.0754698514938354,1.0703489780426025,0.10192037018316175,meta-llama/Llama-3.1-8B-Instruct,Llama-3.1-8B-Instruct/multi_role/creative_professional_response_avg_diff.pt,Llama-3.1-8B-Instruct/multi_role/environmentalist_response_avg_diff.pt
2,21,20,1.0,1.0,0.1,0.1,1.6698890924453735,1.1075570583343506,1.1240103244781494,1.047597050666809,1.07490873336792,1.06600022315979,0.9989585876464844,0.17632966434691166,meta-llama/Llama-3.1-8B-Instruct,Llama-3.1-8B-Instruct/multi_role/creative_professional_response_avg_diff.pt,Llama-3.1-8B-Instruct/multi_role/environmentalist_response_avg_diff.pt
2,22,20,1.0,1.0,0.1,0.1,1.7945995330810547,1.0961418151855469,1.1009280681610107,1.01300048828125,1.0718985795974731,1.032395839691162,1.0316609144210815,0.24110622757044894,meta-llama/Llama-3.1-8B-Instruct,Llama-3.1-8B-Instruct/multi_role/creative_professional_response_avg_diff.pt,Llama-3.1-8B-Instruct/multi_role/environmentalist_response_avg_diff.pt
2,23,20,1.0,1.0,0.1,0.1,1.9383052587509155,1.0983918905258179,1.1075812578201294,1.0036119222640991,1.0721173286437988,1.025193452835083,1.1259621381759644,0.2793054913646559,meta-llama/Llama-3.1-8B-Instruct,Llama-3.1-8B-Instruct/multi_role/creative_professional_response_avg_diff.pt,Llama-3.1-8B-Instruct/multi_role/environmentalist_response_avg_diff.pt
2,24,20,1.0,1.0,0.1,0.1,2.0328190326690674,1.081171989440918,1.1220905780792236,0.9755895733833313,1.0803484916687012,1.0411492586135864,0.9374911785125732,0.3007025122642688,meta-llama/Llama-3.1-8B-Instruct,Llama-3.1-8B-Instruct/multi_role/creative_professional_response_avg_diff.pt,Llama-3.1-8B-Instruct/multi_role/environmentalist_response_avg_diff.pt
2,25,20,1.0,1.0,0.1,0.1,2.163937568664551,1.1028233766555786,1.1313737630844116,0.9906107187271118,1.0856140851974487,1.0661518573760986,0.985734224319458,0.33490990523819675,meta-llama/Llama-3.1-8B-Instruct,Llama-3.1-8B-Instruct/multi_role/creative_professional_response_avg_diff.pt,Llama-3.1-8B-Instruct/multi_role/environmentalist_response_avg_diff.pt
2,26,20,1.0,1.0,0.1,0.1,2.304131031036377,1.0984370708465576,1.1403181552886963,0.9760594367980957,1.111626386642456,1.0777020454406738,1.1601608991622925,0.3377325333516424,meta-llama/Llama-3.1-8B-Instruct,Llama-3.1-8B-Instruct/multi_role/creative_professional_response_avg_diff.pt,Llama-3.1-8B-Instruct/multi_role/environmentalist_response_avg_diff.pt
2,27,20,1.0,1.0,0.1,0.1,2.4511852264404297,1.1002511978149414,1.138863205909729,0.9845871925354004,1.0996594429016113,1.0920772552490234,1.1604712009429932,0.35860634302025496,meta-llama/Llama-3.1-8B-Instruct,Llama-3.1-8B-Instruct/multi_role/creative_professional_response_avg_diff.pt,Llama-3.1-8B-Instruct/multi_role/environmentalist_response_avg_diff.pt
2,28,20,1.0,1.0,0.1,0.1,2.6636786460876465,1.1218211650848389,1.1656877994537354,0.999549388885498,1.1137603521347046,1.1997034549713135,1.2563395500183105,0.38252101228028795,meta-llama/Llama-3.1-8B-Instruct,Llama-3.1-8B-Instruct/multi_role/creative_professional_response_avg_diff.pt,Llama-3.1-8B-Instruct/multi_role/environmentalist_response_avg_diff.pt
2,29,20,1.0,1.0,0.1,0.1,2.945338010787964,1.134336233139038,1.2027695178985596,1.0523974895477295,1.1596245765686035,1.3008308410644531,1.3842307329177856,0.4204109575079563,meta-llama/Llama-3.1-8B-Instruct,Llama-3.1-8B-Instruct/multi_role/creative_professional_response_avg_diff.pt,Llama-3.1-8B-Instruct/multi_role/environmentalist_response_avg_diff.pt
2,30,20,1.0,1.0,0.1,0.1,3.3623597621917725,1.1326889991760254,1.245047688484192,1.1063156127929688,1.253404140472412,1.4880084991455078,1.521735429763794,0.44810792916540554,meta-llama/Llama-3.1-8B-Instruct,Llama-3.1-8B-Instruct/multi_role/creative_professional_response_avg_diff.pt,Llama-3.1-8B-Instruct/multi_role/environmentalist_response_avg_diff.pt
2,31,20,1.0,1.0,0.1,0.1,5.199289321899414,0.658378005027771,0.9333789348602295,0.8545059561729431,1.0417520999908447,2.1488773822784424,1.928985595703125,0.43925469027551917,meta-llama/Llama-3.1-8B-Instruct,Llama-3.1-8B-Instruct/multi_role/creative_professional_response_avg_diff.pt,Llama-3.1-8B-Instruct/multi_role/environmentalist_response_avg_diff.pt
3,19,20,1.0,1.0,0.1,0.1,0.0,0.0,0.0,0.0,0.0,0.0,0.0,0.0,meta-llama/Llama-3.1-8B-Instruct,Llama-3.1-8B-Instruct/multi_role/creative_professional_response_avg_diff.pt,Llama-3.1-8B-Instruct/multi_role/environmentalist_response_avg_diff.pt
3,20,20,1.0,1.0,0.1,0.1,1.4862715005874634,1.1049233675003052,1.103821039199829,1.1049233675003052,1.103821039199829,1.0832003355026245,1.0754997730255127,0.11450580257316999,meta-llama/Llama-3.1-8B-Instruct,Llama-3.1-8B-Instruct/multi_role/creative_professional_response_avg_diff.pt,Llama-3.1-8B-Instruct/multi_role/environmentalist_response_avg_diff.pt
3,21,20,1.0,1.0,0.1,0.1,1.6860102415084839,1.1189656257629395,1.141050934791565,1.0553152561187744,1.0912318229675293,1.067330241203308,1.059428095817566,0.20303425843136885,meta-llama/Llama-3.1-8B-Instruct,Llama-3.1-8B-Instruct/multi_role/creative_professional_response_avg_diff.pt,Llama-3.1-8B-Instruct/multi_role/environmentalist_response_avg_diff.pt
3,22,20,1.0,1.0,0.1,0.1,1.8659981489181519,1.1084315776824951,1.1349352598190308,1.023864507675171,1.1025965213775635,1.1178083419799805,1.1218342781066895,0.2548958238400341,meta-llama/Llama-3.1-8B-Instruct,Llama-3.1-8B-Instruct/multi_role/creative_professional_response_avg_diff.pt,Llama-3.1-8B-Instruct/multi_role/environmentalist_response_avg_diff.pt
3,23,20,1.0,1.0,0.1,0.1,2.0258705615997314,1.099592685699463,1.1403096914291382,1.0004940032958984,1.1021759510040283,1.1453007459640503,1.0974164009094238,0.28773899516856843,meta-llama/Llama-3.1-8B-Instruct,Llama-3.1-8B-Instruct/multi_role/creative_professional_response_avg_diff.pt,Llama-3.1-8B-Instruct/multi_role/environmentalist_response_avg_diff.pt
3,24,20,1.0,1.0,0.1,0.1,2.139592409133911,1.0978147983551025,1.143568754196167,0.9818736910820007,1.1045594215393066,1.1554204225540161,1.1347875595092773,0.30727145758532254,meta-llama/Llama-3.1-8B-Instruct,Llama-3.1-8B-Instruct/multi_role/creative_professional_response_avg_diff.pt,Llama-3.1-8B-Instruct/multi_role/environmentalist_response_avg_diff.pt
3,25,20,1.0,1.0,0.1,0.1,2.250001907348633,1.115995168685913,1.146653413772583,0.9851786494255066,1.1035351753234863,1.1496286392211914,1.1407818794250488,0.310606535185552,meta-llama/Llama-3.1-8B-Instruct,Llama-3.1-8B-Instruct/multi_role/creative_professional_response_avg_diff.pt,Llama-3.1-8B-Instruct/multi_role/environmentalist_response_avg_diff.pt
3,26,20,1.0,1.0,0.1,0.1,2.36909818649292,1.1315017938613892,1.1416828632354736,1.0067781209945679,1.1157732009887695,1.1881611347198486,1.168619155883789,0.3200176668282947,meta-llama/Llama-3.1-8B-Instruct,Llama-3.1-8B-Instruct/multi_role/creative_professional_response_avg_diff.pt,Llama-3.1-8B-Instruct/multi_role/environmentalist_response_avg_diff.pt
3,27,20,1.0,1.0,0.1,0.1,2.5198731422424316,1.1566864252090454,1.1288704872131348,1.0425498485565186,1.0960861444473267,1.2149219512939453,1.1957815885543823,0.3254034074565494,meta-llama/Llama-3.1-8B-Instruct,Llama-3.1-8B-Instruct/multi_role/creative_professional_response_avg_diff.pt,Llama-3.1-8B-Instruct/multi_role/environmentalist_response_avg_diff.pt
3,28,20,1.0,1.0,0.1,0.1,2.7796056270599365,1.1717350482940674,1.177303433418274,1.0066163539886475,1.1316955089569092,1.357653021812439,1.2538843154907227,0.310955279496119,meta-llama/Llama-3.1-8B-Instruct,Llama-3.1-8B-Instruct/multi_role/creative_professional_response_avg_diff.pt,Llama-3.1-8B-Instruct/multi_role/environmentalist_response_avg_diff.pt
3,29,20,1.0,1.0,0.1,0.1,3.0373406410217285,1.2317370176315308,1.211789608001709,1.1329312324523926,1.1915409564971924,1.3318233489990234,1.2728819847106934,0.3409614332479316,meta-llama/Llama-3.1-8B-Instruct,Llama-3.1-8B-Instruct/multi_role/creative_professional_response_avg_diff.pt,Llama-3.1-8B-Instruct/multi_role/environmentalist_response_avg_diff.pt
3,30,20,1.0,1.0,0.1,0.1,3.544231653213501,1.2405238151550293,1.2641955614089966,1.1930220127105713,1.2884416580200195,1.5359060764312744,1.4502952098846436,0.34448855786836574,meta-llama/Llama-3.1-8B-Instruct,Llama-3.1-8B-Instruct/multi_role/creative_professional_response_avg_diff.pt,Llama-3.1-8B-Instruct/multi_role/environmentalist_response_avg_diff.pt
3,31,20,1.0,1.0,0.1,0.1,5.618978977203369,0.8185009360313416,1.0639097690582275,1.0245201587677002,1.0528430938720703,2.453091621398926,1.8819102048873901,0.3360015378012361,meta-llama/Llama-3.1-8B-Instruct,Llama-3.1-8B-Instruct/multi_role/creative_professional_response_avg_diff.pt,Llama-3.1-8B-Instruct/multi_role/environmentalist_response_avg_diff.pt
4,19,20,1.0,1.0,0.1,0.1,0.0,0.0,0.0,0.0,0.0,0.0,0.0,0.0,meta-llama/Llama-3.1-8B-Instruct,Llama-3.1-8B-Instruct/multi_role/creative_professional_response_avg_diff.pt,Llama-3.1-8B-Instruct/multi_role/environmentalist_response_avg_diff.pt
4,20,20,1.0,1.0,0.1,0.1,1.486985683441162,1.1054165363311768,1.1044756174087524,1.1054165363311768,1.1044756174087524,1.0874007940292358,1.0801485776901245,0.11407452634029511,meta-llama/Llama-3.1-8B-Instruct,Llama-3.1-8B-Instruct/multi_role/creative_professional_response_avg_diff.pt,Llama-3.1-8B-Instruct/multi_role/environmentalist_response_avg_diff.pt
4,21,20,1.0,1.0,0.1,0.1,1.6740297079086304,1.1154747009277344,1.137986421585083,1.0564947128295898,1.0902442932128906,1.1102558374404907,1.1255487203598022,0.17760164523269015,meta-llama/Llama-3.1-8B-Instruct,Llama-3.1-8B-Instruct/multi_role/creative_professional_response_avg_diff.pt,Llama-3.1-8B-Instruct/multi_role/environmentalist_response_avg_diff.pt
4,22,20,1.0,1.0,0.1,0.1,1.819767713546753,1.1068553924560547,1.1244394779205322,1.0359995365142822,1.099040150642395,1.1124145984649658,1.0971969366073608,0.1931883367594204,meta-llama/Llama-3.1-8B-Instruct,Llama-3.1-8B-Instruct/multi_role/creative_professional_response_avg_diff.pt,Llama-3.1-8B-Instruct/multi_role/environmentalist_response_avg_diff.pt
4,23,20,1.0,1.0,0.1,0.1,1.932702898979187,1.0914928913116455,1.123661994934082,1.0155565738677979,1.095842719078064,1.0843197107315063,1.0885138511657715,0.23580562560759089,meta-llama/Llama-3.1-8B-Instruct,Llama-3.1-8B-Instruct/multi_role/creative_professional_response_avg_diff.pt,Llama-3.1-8B-Instruct/multi_role/environmentalist_response_avg_diff.pt
4,24,20,1.0,1.0,0.1,0.1,2.0332272052764893,1.083155870437622,1.1232788562774658,0.9840155839920044,1.09132719039917,1.0930076837539673,1.0828723907470703,0.25415940855461777,meta-llama/Llama-3.1-8B-Instruct,Llama-3.1-8B-Instruct/multi_role/creative_professional_response_avg_diff.pt,Llama-3.1-8B-Instruct/multi_role/environmentalist_response_avg_diff.pt
4,25,20,1.0,1.0,0.1,0.1,2.1684999465942383,1.117957353591919,1.1311283111572266,1.0192369222640991,1.1053059101104736,1.1524980068206787,1.0838470458984375,0.2758723723508037,meta-llama/Llama-3.1-8B-Instruct,Llama-3.1-8B-Instruct/multi_role/creative_professional_response_avg_diff.pt,Llama-3.1-8B-Instruct/multi_role/environmentalist_response_avg_diff.pt
4,26,20,1.0,1.0,0.1,0.1,2.2929980754852295,1.1147124767303467,1.137966513633728,1.019855260848999,1.1318016052246094,1.1892802715301514,1.1164746284484863,0.30255759617557393,meta-llama/Llama-3.1-8B-Instruct,Llama-3.1-8B-Instruct/multi_role/creative_professional_response_avg_diff.pt,Llama-3.1-8B-Instruct/multi_role/environmentalist_response_avg_diff.pt
4,27,20,1.0,1.0,0.1,0.1,2.4574344158172607,1.12457275390625,1.1407251358032227,1.0357427597045898,1.1332749128341675,1.20082426071167,1.147922396659851,0.3316731452943073,meta-llama/Llama-3.1-8B-Instruct,Llama-3.1-8B-Instruct/multi_role/creative_professional_response_avg_diff.pt,Llama-3.1-8B-Instruct/multi_role/environmentalist_response_avg_diff.pt
4,28,20,1.0,1.0,0.1,0.1,2.6712374687194824,1.1462810039520264,1.1677998304367065,1.0391498804092407,1.1472034454345703,1.2486639022827148,1.1988105773925781,0.3431458134327902,meta-llama/Llama-3.1-8B-Instruct,Llama-3.1-8B-Instruct/multi_role/creative_professional_response_avg_diff.pt,Llama-3.1-8B-Instruct/multi_role/environmentalist_response_avg_diff.pt
4,29,20,1.0,1.0,0.1,0.1,2.9644484519958496,1.2043999433517456,1.2155640125274658,1.1240644454956055,1.2090659141540527,1.3552074432373047,1.2984304428100586,0.3488487857835458,meta-llama/Llama-3.1-8B-Instruct,Llama-3.1-8B-Instruct/multi_role/creative_professional_response_avg_diff.pt,Llama-3.1-8B-Instruct/multi_role/environmentalist_response_avg_diff.pt
4,30,20,1.0,1.0,0.1,0.1,3.401848554611206,1.190011978149414,1.2644376754760742,1.15619957447052,1.298892855644226,1.476761817932129,1.448976993560791,0.35581942076069734,meta-llama/Llama-3.1-8B-Instruct,Llama-3.1-8B-Instruct/multi_role/creative_professional_response_avg_diff.pt,Llama-3.1-8B-Instruct/multi_role/environmentalist_response_avg_diff.pt
4,31,20,1.0,1.0,0.1,0.1,5.15165901184082,0.7508242130279541,1.0213181972503662,0.970415472984314,1.1175017356872559,2.4005441665649414,2.6416592597961426,0.39389332132493715,meta-llama/Llama-3.1-8B-Instruct,Llama-3.1-8B-Instruct/multi_role/creative_professional_response_avg_diff.pt,Llama-3.1-8B-Instruct/multi_role/environmentalist_response_avg_diff.pt
5,19,20,1.0,1.0,0.1,0.1,0.0,0.0,0.0,0.0,0.0,0.0,0.0,0.0,meta-llama/Llama-3.1-8B-Instruct,Llama-3.1-8B-Instruct/multi_role/creative_professional_response_avg_diff.pt,Llama-3.1-8B-Instruct/multi_role/environmentalist_response_avg_diff.pt
5,20,20,1.0,1.0,0.1,0.1,1.4864622354507446,1.1042777299880981,1.10480797290802,1.1042777299880981,1.10480797290802,1.0814542770385742,1.0827696323394775,0.1134801276612382,meta-llama/Llama-3.1-8B-Instruct,Llama-3.1-8B-Instruct/multi_role/creative_professional_response_avg_diff.pt,Llama-3.1-8B-Instruct/multi_role/environmentalist_response_avg_diff.pt
5,21,20,1.0,1.0,0.1,0.1,1.6974599361419678,1.128849983215332,1.1321781873703003,1.0736346244812012,1.0839087963104248,1.112149953842163,1.1596095561981201,0.2385427653789656,meta-llama/Llama-3.1-8B-Instruct,Llama-3.1-8B-Instruct/multi_role/creative_professional_response_avg_diff.pt,Llama-3.1-8B-Instruct/multi_role/environmentalist_response_avg_diff.pt
5,22,20,1.0,1.0,0.1,0.1,1.8843960762023926,1.1387457847595215,1.1298058032989502,1.0824122428894043,1.0870099067687988,1.1599313020706177,1.222915768623352,0.2807528752663828,meta-llama/Llama-3.1-8B-Instruct,Llama-3.1-8B-Instruct/multi_role/creative_professional_response_avg_diff.pt,Llama-3.1-8B-Instruct/multi_role/environmentalist_response_avg_diff.pt
5,23,20,1.0,1.0,0.1,0.1,2.0488107204437256,1.1524672508239746,1.1338040828704834,1.0945017337799072,1.0950758457183838,1.2452082633972168,1.2875027656555176,0.3287867385324103,meta-llama/Llama-3.1-8B-Instruct,Llama-3.1-8B-Instruct/multi_role/creative_professional_response_avg_diff.pt,Llama-3.1-8B-Instruct/multi_role/environmentalist_response_avg_diff.pt
5,24,20,1.0,1.0,0.1,0.1,2.1299002170562744,1.133165717124939,1.1180366277694702,1.0700609683990479,1.0887351036071777,1.2327603101730347,1.2562750577926636,0.3126526920166903,meta-llama/Llama-3.1-8B-Instruct,Llama-3.1-8B-Instruct/multi_role/creative_professional_response_avg_diff.pt,Llama-3.1-8B-Instruct/multi_role/environmentalist_response_avg_diff.pt
5,25,20,1.0,1.0,0.1,0.1,2.28194522857666,1.1705448627471924,1.1315319538116455,1.1214714050292969,1.0948837995529175,1.1807146072387695,1.2946410179138184,0.3026298064921558,meta-llama/Llama-3.1-8B-Instruct,Llama-3.1-8B-Instruct/multi_role/creative_professional_response_avg_diff.pt,Llama-3.1-8B-Instruct/multi_role/environmentalist_response_avg_diff.pt
5,26,20,1.0,1.0,0.1,0.1,2.482177972793579,1.2026071548461914,1.1723930835723877,1.1517740488052368,1.1457538604736328,1.159216046333313,1.1440808773040771,0.434800203728688,meta-llama/Llama-3.1-8B-Instruct,Llama-3.1-8B-Instruct/multi_role/creative_professional_response_avg_diff.pt,Llama-3.1-8B-Instruct/multi_role/environmentalist_response_avg_diff.pt
5,27,20,1.0,1.0,0.1,0.1,2.6469526290893555,1.208096981048584,1.1580560207366943,1.1797165870666504,1.1497105360031128,1.2020416259765625,1.1605124473571777,0.43316992306034763,meta-llama/Llama-3.1-8B-Instruct,Llama-3.1-8B-Instruct/multi_role/creative_professional_response_avg_diff.pt,Llama-3.1-8B-Instruct/multi_role/environmentalist_response_avg_diff.pt
5,28,20,1.0,1.0,0.1,0.1,2.876636028289795,1.2099732160568237,1.180578351020813,1.2051615715026855,1.1652863025665283,1.1724138259887695,1.1210646629333496,0.5881325040811329,meta-llama/Llama-3.1-8B-Instruct,Llama-3.1-8B-Instruct/multi_role/creative_professional_response_avg_diff.pt,Llama-3.1-8B-Instruct/multi_role/environmentalist_response_avg_diff.pt
5,29,20,1.0,1.0,0.1,0.1,3.2209596633911133,1.2578721046447754,1.224712610244751,1.3058433532714844,1.238807201385498,1.4329878091812134,1.3994174003601074,0.47451577292298425,meta-llama/Llama-3.1-8B-Instruct,Llama-3.1-8B-Instruct/multi_role/creative_professional_response_avg_diff.pt,Llama-3.1-8B-Instruct/multi_role/environmentalist_response_avg_diff.pt
5,30,20,1.0,1.0,0.1,0.1,3.7424604892730713,1.258795142173767,1.2624850273132324,1.3789196014404297,1.3647077083587646,1.646799921989441,1.6935880184173584,0.4696185029007789,meta-llama/Llama-3.1-8B-Instruct,Llama-3.1-8B-Instruct/multi_role/creative_professional_response_avg_diff.pt,Llama-3.1-8B-Instruct/multi_role/environmentalist_response_avg_diff.pt
5,31,20,1.0,1.0,0.1,0.1,5.729416847229004,0.8135453462600708,1.1370155811309814,1.1138888597488403,1.2634888887405396,2.9062881469726562,3.0302047729492188,0.5547323831805421,meta-llama/Llama-3.1-8B-Instruct,Llama-3.1-8B-Instruct/multi_role/creative_professional_response_avg_diff.pt,Llama-3.1-8B-Instruct/multi_role/environmentalist_response_avg_diff.pt
6,19,20,1.0,1.0,0.1,0.1,0.0,0.0,0.0,0.0,0.0,0.0,0.0,0.0,meta-llama/Llama-3.1-8B-Instruct,Llama-3.1-8B-Instruct/multi_role/creative_professional_response_avg_diff.pt,Llama-3.1-8B-Instruct/multi_role/environmentalist_response_avg_diff.pt
6,20,20,1.0,1.0,0.1,0.1,1.4870312213897705,1.1052628755569458,1.1046464443206787,1.1052628755569458,1.1046464443206787,1.082352876663208,1.078696608543396,0.1111276083512587,meta-llama/Llama-3.1-8B-Instruct,Llama-3.1-8B-Instruct/multi_role/creative_professional_response_avg_diff.pt,Llama-3.1-8B-Instruct/multi_role/environmentalist_response_avg_diff.pt
6,21,20,1.0,1.0,0.1,0.1,1.6935656070709229,1.1276686191558838,1.1391077041625977,1.0724655389785767,1.0902490615844727,1.1356539726257324,1.11997652053833,0.22347843714390206,meta-llama/Llama-3.1-8B-Instruct,Llama-3.1-8B-Instruct/multi_role/creative_professional_response_avg_diff.pt,Llama-3.1-8B-Instruct/multi_role/environmentalist_response_avg_diff.pt
6,22,20,1.0,1.0,0.1,0.1,1.8846352100372314,1.153913974761963,1.1356778144836426,1.0897448062896729,1.0922043323516846,1.1751585006713867,1.1610186100006104,0.2356575961961635,meta-llama/Llama-3.1-8B-Instruct,Llama-3.1-8B-Instruct/multi_role/creative_professional_response_avg_diff.pt,Llama-3.1-8B-Instruct/multi_role/environmentalist_response_avg_diff.pt
6,23,20,1.0,1.0,0.1,0.1,2.0488193035125732,1.1851696968078613,1.1396815776824951,1.1244993209838867,1.0991202592849731,1.2183566093444824,1.1995974779129028,0.2582751725659781,meta-llama/Llama-3.1-8B-Instruct,Llama-3.1-8B-Instruct/multi_role/creative_professional_response_avg_diff.pt,Llama-3.1-8B-Instruct/multi_role/environmentalist_response_avg_diff.pt
6,24,20,1.0,1.0,0.1,0.1,2.134167432785034,1.170324444770813,1.1273951530456543,1.1076939105987549,1.091672420501709,1.2130975723266602,1.1137539148330688,0.2581937195866561,meta-llama/Llama-3.1-8B-Instruct,Llama-3.1-8B-Instruct/multi_role/creative_professional_response_avg_diff.pt,Llama-3.1-8B-Instruct/multi_role/environmentalist_response_avg_diff.pt
6,25,20,1.0,1.0,0.1,0.1,2.2805187702178955,1.2071785926818848,1.1409718990325928,1.160189151763916,1.1027268171310425,1.2543615102767944,1.152409553527832,0.2784083160479105,meta-llama/Llama-3.1-8B-Instruct,Llama-3.1-8B-Instruct/multi_role/creative_professional_response_avg_diff.pt,Llama-3.1-8B-Instruct/multi_role/environmentalist_response_avg_diff.pt
6,26,20,1.0,1.0,0.1,0.1,2.4705898761749268,1.2425503730773926,1.178702473640442,1.1929552555084229,1.1565910577774048,1.2475228309631348,1.1129658222198486,0.28413128247816455,meta-llama/Llama-3.1-8B-Instruct,Llama-3.1-8B-Instruct/multi_role/creative_professional_response_avg_diff.pt,Llama-3.1-8B-Instruct/multi_role/environmentalist_response_avg_diff.pt
6,27,20,1.0,1.0,0.1,0.1,2.6169676780700684,1.2423930168151855,1.1717056035995483,1.2210743427276611,1.1630263328552246,1.267797827720642,1.1192631721496582,0.29735516057500805,meta-llama/Llama-3.1-8B-Instruct,Llama-3.1-8B-Instruct/multi_role/creative_professional_response_avg_diff.pt,Llama-3.1-8B-Instruct/multi_role/environmentalist_response_avg_diff.pt
6,28,20,1.0,1.0,0.1,0.1,2.850613832473755,1.2600924968719482,1.2183129787445068,1.2210692167282104,1.182917833328247,1.3704276084899902,1.1683902740478516,0.3374463424022894,meta-llama/Llama-3.1-8B-Instruct,Llama-3.1-8B-Instruct/multi_role/creative_professional_response_avg_diff.pt,Llama-3.1-8B-Instruct/multi_role/environmentalist_response_avg_diff.pt
6,29,20,1.0,1.0,0.1,0.1,3.2027597427368164,1.3327457904815674,1.2708323001861572,1.3682610988616943,1.259657621383667,1.502303957939148,1.2391607761383057,0.35441862028694954,meta-llama/Llama-3.1-8B-Instruct,Llama-3.1-8B-Instruct/multi_role/creative_professional_response_avg_diff.pt,Llama-3.1-8B-Instruct/multi_role/environmentalist_response_avg_diff.pt
6,30,20,1.0,1.0,0.1,0.1,3.669548988342285,1.3348747491836548,1.3102139234542847,1.437607765197754,1.3705742359161377,1.6402565240859985,1.4242541790008545,0.39169843597254184,meta-llama/Llama-3.1-8B-Instruct,Llama-3.1-8B-Instruct/multi_role/creative_professional_response_avg_diff.pt,Llama-3.1-8B-Instruct/multi_role/environmentalist_response_avg_diff.pt
6,31,20,1.0,1.0,0.1,0.1,5.80169153213501,0.8841607570648193,1.146161675453186,1.1950048208236694,1.2570855617523193,2.8116614818573,1.692887306213379,0.38776037522279155,meta-llama/Llama-3.1-8B-Instruct,Llama-3.1-8B-Instruct/multi_role/creative_professional_response_avg_diff.pt,Llama-3.1-8B-Instruct/multi_role/environmentalist_response_avg_diff.pt
7,19,20,1.0,1.0,0.1,0.1,0.0,0.0,0.0,0.0,0.0,0.0,0.0,0.0,meta-llama/Llama-3.1-8B-Instruct,Llama-3.1-8B-Instruct/multi_role/creative_professional_response_avg_diff.pt,Llama-3.1-8B-Instruct/multi_role/environmentalist_response_avg_diff.pt
7,20,20,1.0,1.0,0.1,0.1,1.4854918718338013,1.102935552597046,1.1046820878982544,1.102935552597046,1.1046820878982544,1.074573278427124,1.0781798362731934,0.10466231926074351,meta-llama/Llama-3.1-8B-Instruct,Llama-3.1-8B-Instruct/multi_role/creative_professional_response_avg_diff.pt,Llama-3.1-8B-Instruct/multi_role/environmentalist_response_avg_diff.pt
7,21,20,1.0,1.0,0.1,0.1,1.697838544845581,1.1315217018127441,1.142702579498291,1.0750943422317505,1.0948445796966553,1.10463285446167,1.103309154510498,0.19055863996126177,meta-llama/Llama-3.1-8B-Instruct,Llama-3.1-8B-Instruct/multi_role/creative_professional_response_avg_diff.pt,Llama-3.1-8B-Instruct/multi_role/environmentalist_response_avg_diff.pt
7,22,20,1.0,1.0,0.1,0.1,1.8839471340179443,1.1469805240631104,1.1340935230255127,1.0919841527938843,1.0956794023513794,1.1541701555252075,1.1232264041900635,0.24283354197933538,meta-llama/Llama-3.1-8B-Instruct,Llama-3.1-8B-Instruct/multi_role/creative_professional_response_avg_diff.pt,Llama-3.1-8B-Instruct/multi_role/environmentalist_response_avg_diff.pt
7,23,20,1.0,1.0,0.1,0.1,2.0616605281829834,1.175286054611206,1.145118236541748,1.1177823543548584,1.1092190742492676,1.2232306003570557,1.1518808603286743,0.2454446673328222,meta-llama/Llama-3.1-8B-Instruct,Llama-3.1-8B-Instruct/multi_role/creative_professional_response_avg_diff.pt,Llama-3.1-8B-Instruct/multi_role/environmentalist_response_avg_diff.pt
7,24,20,1.0,1.0,0.1,0.1,2.147726535797119,1.159639596939087,1.1348797082901,1.0978182554244995,1.1019742488861084,1.1803205013275146,1.148155689239502,0.2897456491600043,meta-llama/Llama-3.1-8B-Instruct,Llama-3.1-8B-Instruct/multi_role/creative_professional_response_avg_diff.pt,Llama-3.1-8B-Instruct/multi_role/environmentalist_response_avg_diff.pt
7,25,20,1.0,1.0,0.1,0.1,2.308187246322632,1.2038465738296509,1.1487077474594116,1.155466079711914,1.1161153316497803,1.2087030410766602,1.195084810256958,0.30577819726226685,meta-llama/Llama-3.1-8B-Instruct,Llama-3.1-8B-Instruct/multi_role/creative_professional_response_avg_diff.pt,Llama-3.1-8B-Instruct/multi_role/environmentalist_response_avg_diff.pt
7,26,20,1.0,1.0,0.1,0.1,2.5079071521759033,1.2334563732147217,1.1880652904510498,1.1750483512878418,1.1645814180374146,1.2294905185699463,1.2160217761993408,0.27909957045910183,meta-llama/Llama-3.1-8B-Instruct,Llama-3.1-8B-Instruct/multi_role/creative_professional_response_avg_diff.pt,Llama-3.1-8B-Instruct/multi_role/environmentalist_response_avg_diff.pt
7,27,20,1.0,1.0,0.1,0.1,2.67887806892395,1.2305617332458496,1.192893147468567,1.1938762664794922,1.174926996231079,1.2860107421875,1.3014920949935913,0.29422353654535044,meta-llama/Llama-3.1-8B-Instruct,Llama-3.1-8B-Instruct/multi_role/creative_professional_response_avg_diff.pt,Llama-3.1-8B-Instruct/multi_role/environmentalist_response_avg_diff.pt
7,28,20,1.0,1.0,0.1,0.1,2.8868515491485596,1.252851128578186,1.2190940380096436,1.213822841644287,1.1825907230377197,1.3522919416427612,1.306053638458252,0.3253242477581492,meta-llama/Llama-3.1-8B-Instruct,Llama-3.1-8B-Instruct/multi_role/creative_professional_response_avg_diff.pt,Llama-3.1-8B-Instruct/multi_role/environmentalist_response_avg_diff.pt
7,29,20,1.0,1.0,0.1,0.1,3.249464511871338,1.3194594383239746,1.2725777626037598,1.337343692779541,1.2499053478240967,1.4892457723617554,1.3882008790969849,0.4159237346831178,meta-llama/Llama-3.1-8B-Instruct,Llama-3.1-8B-Instruct/multi_role/creative_professional_response_avg_diff.pt,Llama-3.1-8B-Instruct/multi_role/environmentalist_response_avg_diff.pt
7,30,20,1.0,1.0,0.1,0.1,3.694751501083374,1.3202660083770752,1.302233099937439,1.419407844543457,1.3676791191101074,1.6300392150878906,1.5216050148010254,0.37303201736924885,meta-llama/Llama-3.1-8B-Instruct,Llama-3.1-8B-Instruct/multi_role/creative_professional_response_avg_diff.pt,Llama-3.1-8B-Instruct/multi_role/environmentalist_response_avg_diff.pt
7,31,20,1.0,1.0,0.1,0.1,6.108179569244385,0.8774175643920898,1.0825600624084473,1.1913217306137085,1.2151949405670166,3.1330485343933105,2.9943931102752686,0.4521595182609112,meta-llama/Llama-3.1-8B-Instruct,Llama-3.1-8B-Instruct/multi_role/creative_professional_response_avg_diff.pt,Llama-3.1-8B-Instruct/multi_role/environmentalist_response_avg_diff.pt
8,19,20,1.0,1.0,0.1,0.1,0.0,0.0,0.0,0.0,0.0,0.0,0.0,0.0,meta-llama/Llama-3.1-8B-Instruct,Llama-3.1-8B-Instruct/multi_role/creative_professional_response_avg_diff.pt,Llama-3.1-8B-Instruct/multi_role/environmentalist_response_avg_diff.pt
8,20,20,1.0,1.0,0.1,0.1,1.4862442016601562,1.1046252250671387,1.1040260791778564,1.1046252250671387,1.1040260791778564,1.0654847621917725,1.0589268207550049,0.10335953117821779,meta-llama/Llama-3.1-8B-Instruct,Llama-3.1-8B-Instruct/multi_role/creative_professional_response_avg_diff.pt,Llama-3.1-8B-Instruct/multi_role/environmentalist_response_avg_diff.pt
8,21,20,1.0,1.0,0.1,0.1,1.6148139238357544,1.0952399969100952,1.1218671798706055,1.0354630947113037,1.075321078300476,0.9893006086349487,0.9970239996910095,0.22855458003229567,meta-llama/Llama-3.1-8B-Instruct,Llama-3.1-8B-Instruct/multi_role/creative_professional_response_avg_diff.pt,Llama-3.1-8B-Instruct/multi_role/environmentalist_response_avg_diff.pt
8,22,20,1.0,1.0,0.1,0.1,1.759371280670166,1.0849249362945557,1.1370233297348022,1.009299874305725,1.103974461555481,0.990031361579895,0.9195716381072998,0.27509832681402213,meta-llama/Llama-3.1-8B-Instruct,Llama-3.1-8B-Instruct/multi_role/creative_professional_response_avg_diff.pt,Llama-3.1-8B-Instruct/multi_role/environmentalist_response_avg_diff.pt
8,23,20,1.0,1.0,0.1,0.1,1.8458813428878784,1.0718011856079102,1.1391727924346924,0.9872225522994995,1.1023613214492798,0.9942578077316284,0.8619979619979858,0.32119247317318256,meta-llama/Llama-3.1-8B-Instruct,Llama-3.1-8B-Instruct/multi_role/creative_professional_response_avg_diff.pt,Llama-3.1-8B-Instruct/multi_role/environmentalist_response_avg_diff.pt
8,24,20,1.0,1.0,0.1,0.1,1.9080919027328491,1.0544171333312988,1.1421983242034912,0.9560112357139587,1.0969551801681519,0.9738616943359375,0.8794660568237305,0.355629937538486,meta-llama/Llama-3.1-8B-Instruct,Llama-3.1-8B-Instruct/multi_role/creative_professional_response_avg_diff.pt,Llama-3.1-8B-Instruct/multi_role/environmentalist_response_avg_diff.pt
8,25,20,1.0,1.0,0.1,0.1,2.0134804248809814,1.0680937767028809,1.1390504837036133,0.969566285610199,1.08772611618042,0.9656298160552979,0.8268250226974487,0.3512252867222032,meta-llama/Llama-3.1-8B-Instruct,Llama-3.1-8B-Instruct/multi_role/creative_professional_response_avg_diff.pt,Llama-3.1-8B-Instruct/multi_role/environmentalist_response_avg_diff.pt
8,26,20,1.0,1.0,0.1,0.1,2.103215217590332,1.0673341751098633,1.1423802375793457,0.9878462553024292,1.1040067672729492,0.9812771677970886,0.9049369096755981,0.3663601078749229,meta-llama/Llama-3.1-8B-Instruct,Llama-3.1-8B-Instruct/multi_role/creative_professional_response_avg_diff.pt,Llama-3.1-8B-Instruct/multi_role/environmentalist_response_avg_diff.pt
8,27,20,1.0,1.0,0.1,0.1,2.199932813644409,1.0630123615264893,1.1343252658843994,0.9863312244415283,1.102634072303772,0.8923938274383545,0.9250179529190063,0.4841208822222981,meta-llama/Llama-3.1-8B-Instruct,Llama-3.1-8B-Instruct/multi_role/creative_professional_response_avg_diff.pt,Llama-3.1-8B-Instruct/multi_role/environmentalist_response_avg_diff.pt
8,28,20,1.0,1.0,0.1,0.1,2.357677698135376,1.0580202341079712,1.1615023612976074,0.9593064785003662,1.1201667785644531,0.9307568073272705,0.9604398012161255,0.49112660010100395,meta-llama/Llama-3.1-8B-Instruct,Llama-3.1-8B-Instruct/multi_role/creative_professional_response_avg_diff.pt,Llama-3.1-8B-Instruct/multi_role/environmentalist_response_avg_diff.pt
8,29,20,1.0,1.0,0.1,0.1,2.6156692504882812,1.1167709827423096,1.215082049369812,1.062949776649475,1.1938644647598267,1.0413012504577637,1.068418264389038,0.4836761931987039,meta-llama/Llama-3.1-8B-Instruct,Llama-3.1-8B-Instruct/multi_role/creative_professional_response_avg_diff.pt,Llama-3.1-8B-Instruct/multi_role/environmentalist_response_avg_diff.pt
8,30,20,1.0,1.0,0.1,0.1,3.0744423866271973,1.1261837482452393,1.266231656074524,1.108428716659546,1.3203229904174805,1.0050805807113647,1.1436808109283447,0.5125301770847966,meta-llama/Llama-3.1-8B-Instruct,Llama-3.1-8B-Instruct/multi_role/creative_professional_response_avg_diff.pt,Llama-3.1-8B-Instruct/multi_role/environmentalist_response_avg_diff.pt
8,31,20,1.0,1.0,0.1,0.1,5.723357200622559,0.7407823204994202,1.0704996585845947,1.0395426750183105,1.190670371055603,1.303283929824829,1.0252965688705444,0.5063898616705307,meta-llama/Llama-3.1-8B-Instruct,Llama-3.1-8B-Instruct/multi_role/creative_professional_response_avg_diff.pt,Llama-3.1-8B-Instruct/multi_role/environmentalist_response_avg_diff.pt
9,19,20,1.0,1.0,0.1,0.1,0.0,0.0,0.0,0.0,0.0,0.0,0.0,0.0,meta-llama/Llama-3.1-8B-Instruct,Llama-3.1-8B-Instruct/multi_role/creative_professional_response_avg_diff.pt,Llama-3.1-8B-Instruct/multi_role/environmentalist_response_avg_diff.pt
9,20,20,1.0,1.0,0.1,0.1,1.4865213632583618,1.104299783706665,1.1048476696014404,1.104299783706665,1.1048476696014404,1.0732460021972656,1.072310447692871,0.1038644161557582,meta-llama/Llama-3.1-8B-Instruct,Llama-3.1-8B-Instruct/multi_role/creative_professional_response_avg_diff.pt,Llama-3.1-8B-Instruct/multi_role/environmentalist_response_avg_diff.pt
9,21,20,1.0,1.0,0.1,0.1,1.6828678846359253,1.139249563217163,1.1349408626556396,1.0775141716003418,1.0889673233032227,1.042601227760315,1.0434095859527588,0.2956185260384039,meta-llama/Llama-3.1-8B-Instruct,Llama-3.1-8B-Instruct/multi_role/creative_professional_response_avg_diff.pt,Llama-3.1-8B-Instruct/multi_role/environmentalist_response_avg_diff.pt
9,22,20,1.0,1.0,0.1,0.1,1.8258808851242065,1.1381220817565918,1.126845359802246,1.0720137357711792,1.1004478931427002,0.9996969699859619,1.0200257301330566,0.39813187166886316,meta-llama/Llama-3.1-8B-Instruct,Llama-3.1-8B-Instruct/multi_role/creative_professional_response_avg_diff.pt,Llama-3.1-8B-Instruct/multi_role/environmentalist_response_avg_diff.pt
9,23,20,1.0,1.0,0.1,0.1,1.926426887512207,1.1306034326553345,1.1391392946243286,1.0567289590835571,1.1248164176940918,0.9773218035697937,1.0831706523895264,0.3064973450312747,meta-llama/Llama-3.1-8B-Instruct,Llama-3.1-8B-Instruct/multi_role/creative_professional_response_avg_diff.pt,Llama-3.1-8B-Instruct/multi_role/environmentalist_response_avg_diff.pt
9,24,20,1.0,1.0,0.1,0.1,2.0228347778320312,1.1044926643371582,1.1459848880767822,1.0103623867034912,1.13753080368042,1.066123127937317,1.1114709377288818,0.33848928811311835,meta-llama/Llama-3.1-8B-Instruct,Llama-3.1-8B-Instruct/multi_role/creative_professional_response_avg_diff.pt,Llama-3.1-8B-Instruct/multi_role/environmentalist_response_avg_diff.pt
9,25,20,1.0,1.0,0.1,0.1,2.1384830474853516,1.1203033924102783,1.1559362411499023,1.0219361782073975,1.1476035118103027,1.0945838689804077,1.1424365043640137,0.3547175997832399,meta-llama/Llama-3.1-8B-Instruct,Llama-3.1-8B-Instruct/multi_role/creative_professional_response_avg_diff.pt,Llama-3.1-8B-Instruct/multi_role/environmentalist_response_avg_diff.pt
9,26,20,1.0,1.0,0.1,0.1,2.2976481914520264,1.141655683517456,1.1806976795196533,1.0273401737213135,1.1782865524291992,1.1177458763122559,1.1675012111663818,0.4816916719302137,meta-llama/Llama-3.1-8B-Instruct,Llama-3.1-8B-Instruct/multi_role/creative_professional_response_avg_diff.pt,Llama-3.1-8B-Instruct/multi_role/environmentalist_response_avg_diff.pt
9,27,20,1.0,1.0,0.1,0.1,2.443284034729004,1.1291917562484741,1.184370756149292,1.0263845920562744,1.1841371059417725,1.2013510465621948,1.2575136423110962,0.48403812025617005,meta-llama/Llama-3.1-8B-Instruct,Llama-3.1-8B-Instruct/multi_role/creative_professional_response_avg_diff.pt,Llama-3.1-8B-Instruct/multi_role/environmentalist_response_avg_diff.pt
9,28,20,1.0,1.0,0.1,0.1,2.6422104835510254,1.1581003665924072,1.1820144653320312,1.068892240524292,1.1863545179367065,1.1604888439178467,1.2590842247009277,0.41026992140595986,meta-llama/Llama-3.1-8B-Instruct,Llama-3.1-8B-Instruct/multi_role/creative_professional_response_avg_diff.pt,Llama-3.1-8B-Instruct/multi_role/environmentalist_response_avg_diff.pt
9,29,20,1.0,1.0,0.1,0.1,2.882800340652466,1.183558702468872,1.2050046920776367,1.1547925472259521,1.228583812713623,1.182924747467041,1.3062379360198975,0.4159579379758953,meta-llama/Llama-3.1-8B-Instruct,Llama-3.1-8B-Instruct/multi_role/creative_professional_response_avg_diff.pt,Llama-3.1-8B-Instruct/multi_role/environmentalist_response_avg_diff.pt
9,30,20,1.0,1.0,0.1,0.1,3.347076416015625,1.1740760803222656,1.2462587356567383,1.189092993736267,1.3286387920379639,1.3428431749343872,1.4137091636657715,0.39360940962836544,meta-llama/Llama-3.1-8B-Instruct,Llama-3.1-8B-Instruct/multi_role/creative_professional_response_avg_diff.pt,Llama-3.1-8B-Instruct/multi_role/environmentalist_response_avg_diff.pt
9,31,20,1.0,1.0,0.1,0.1,4.758539199829102,0.7394130229949951,0.9758590459823608,1.010267734527588,1.1099295616149902,1.7163190841674805,1.7603285312652588,0.2822359708969541,meta-llama/Llama-3.1-8B-Instruct,Llama-3.1-8B-Instruct/multi_role/creative_professional_response_avg_diff.pt,Llama-3.1-8B-Instruct/multi_role/environmentalist_response_avg_diff.pt
